﻿<?xml version="1.0" encoding="utf-8"?>
<deployment>
  <id>15e520ff-f218-4965-a6d2-e6de49dd010c</id>
  <author>N/A</author>
  <deployer>Push-Deployer</deployer>
  <authorEmail>N/A</authorEmail>
  <message>Created via a push deployment</message>
  <progress></progress>
  <status>Failed</status>
  <statusText></statusText>
  <lastSuccessEndTime />
  <receivedTime>2026-02-05T03:14:28.0378731Z</receivedTime>
  <startTime>2026-02-05T03:14:29.4224881Z</startTime>
  <endTime>2026-02-05T03:14:37.5891179Z</endTime>
  <complete>True</complete>
  <is_temp>False</is_temp>
  <is_readonly>True</is_readonly>
  <containerId>eb25b8760382</containerId>
  <buildSummary />
</deployment>