<step title="Incoming Request" date="2026-02-05T03:13:27.882" instance="5d4311" url="/api/zipdeploy?isAsync=true" method="POST" type="request" pid="865,1,14" Accept="*/*" Host="ponovaweight-app.scm.azurewebsites.net" User-Agent="AZURECLI/2.80.0 (MSI)" Accept-Encoding="gzip, deflate" Authorization="Bea..." Cache-Control="no-cache" Content-Type="application/octet-stream" Content-Length="22640485" x-ms-client-request-id="9ea05eb9-0240-11f1-8db8-e8a72f88f0de" x-ms-artifact-checksum="b3cdcd1152848c243978cc136e62661ac9a5ec520176efa007d72cea4849f275" X-ARR-LOG-ID="9ea05eb9-0240-11f1-8db8-e8a72f88f0de" CLIENT-IP="73.135.148.163:54403" X-SITE-DEPLOYMENT-ID="ponovaweight-app" WAS-DEFAULT-HOSTNAME="ponovaweight-app.scm.azurewebsites.net" X-Forwarded-Proto="https" X-AppService-Proto="https" X-Forwarded-TlsVersion="1.3" X-WAWS-Unencoded-URL="/api/zipdeploy?isAsync=true" X-Client-IP="73.135.148.163" X-Client-Port="54403" >
  <step title="Cleanup Xml Logs" date="2026-02-05T03:13:27.893" /><!-- duration: 43ms -->
  <step title="ZipPushDeploy" date="2026-02-05T03:13:31.355" >
    <step title="ZipDeploy. Extract zip." date="2026-02-05T03:13:31.454" /><!-- duration: 5ms -->
    <step title="None repository commit" date="2026-02-05T03:13:31.625" >
      <step title="Commit id: b08c092e-bd0a-49ab-be00-3cbb3727e1c2" date="2026-02-05T03:13:31.681" Message="N/A" AuthorName="N/A" AuthorEmail="N/A" /><!-- duration: 14ms -->
    </step><!-- duration: 84ms -->
    <step title="Starting PushDeployAsync" date="2026-02-05T03:13:31.732" /><!-- duration: 27ms -->
    <step title="Writing artifact to /tmp/zipdeploy/2eefdf90-98d3-41fe-bf06-571c2d4dd7f9.zip" date="2026-02-05T03:13:32.050" >
      <step title="Writing multipart request body to /tmp/zipdeploy/2eefdf90-98d3-41fe-bf06-571c2d4dd7f9.zip" date="2026-02-05T03:13:32.062" /><!-- duration: 7ms -->
    </step><!-- duration: 4471ms -->
    <step title="Start deployment in the background" date="2026-02-05T03:13:36.570" >
      <step title="Acquiring Deployment Lock" date="2026-02-05T03:13:36.641" /><!-- duration: 13ms -->
      <step title="Acquired Deployment Lock" date="2026-02-05T03:13:36.743" /><!-- duration: 6ms -->
    </step><!-- duration: 580ms -->
  </step><!-- duration: 5888ms -->
  <step title="Outgoing response" date="2026-02-05T03:13:37.371" type="response" statusCode="202" statusText="Accepted" /><!-- duration: 99ms -->
</step><!-- duration: 9598ms -->
