<step title="Incoming Request" date="2026-02-05T03:04:00.775" instance="5d4311" url="/api/zipdeploy?isAsync=true" method="POST" type="request" pid="851,1,22" Accept="*/*" Host="ponovaweight-app.scm.azurewebsites.net" User-Agent="AZURECLI/2.80.0 (MSI)" Accept-Encoding="gzip, deflate" Authorization="Bea..." Cache-Control="no-cache" Content-Type="application/octet-stream" Content-Length="22640485" x-ms-client-request-id="4cdd5f00-023f-11f1-b698-e8a72f88f0de" x-ms-artifact-checksum="b3cdcd1152848c243978cc136e62661ac9a5ec520176efa007d72cea4849f275" X-ARR-LOG-ID="4cdd5f00-023f-11f1-b698-e8a72f88f0de" CLIENT-IP="73.135.148.163:63455" X-SITE-DEPLOYMENT-ID="ponovaweight-app" WAS-DEFAULT-HOSTNAME="ponovaweight-app.scm.azurewebsites.net" X-Forwarded-Proto="https" X-AppService-Proto="https" X-Forwarded-TlsVersion="1.3" X-WAWS-Unencoded-URL="/api/zipdeploy?isAsync=true" X-Client-IP="73.135.148.163" X-Client-Port="63455" >
  <step title="Cleanup Xml Logs" date="2026-02-05T03:04:00.777" /><!-- duration: 6ms -->
  <step title="ZipPushDeploy" date="2026-02-05T03:04:00.801" >
    <step title="ZipDeploy. Extract zip." date="2026-02-05T03:04:00.807" /><!-- duration: 2ms -->
    <step title="Starting PushDeployAsync" date="2026-02-05T03:04:00.814" /><!-- duration: 3ms -->
    <step title="Writing artifact to /tmp/zipdeploy/65acb79e-c46c-4eed-9faf-5065d8fb8b66.zip" date="2026-02-05T03:04:00.826" >
      <step title="Writing multipart request body to /tmp/zipdeploy/65acb79e-c46c-4eed-9faf-5065d8fb8b66.zip" date="2026-02-05T03:04:00.830" /><!-- duration: 4ms -->
    </step><!-- duration: 16492ms -->
    <step title="Start deployment in the background" date="2026-02-05T03:04:17.343" >
      <step title="Acquiring Deployment Lock" date="2026-02-05T03:04:17.364" /><!-- duration: 4ms -->
      <step title="Acquired Deployment Lock" date="2026-02-05T03:04:17.415" /><!-- duration: 6ms -->
    </step><!-- duration: 145ms -->
  </step><!-- duration: 16699ms -->
  <step title="Outgoing response" date="2026-02-05T03:04:17.504" type="response" statusCode="202" statusText="Accepted" /><!-- duration: 4ms -->
</step><!-- duration: 16739ms -->
