<step title="Incoming Request" date="2026-02-05T03:08:11.775" instance="5d4311" url="/api/zipdeploy?isAsync=true" method="POST" type="request" pid="851,1,22" Accept="*/*" Host="ponovaweight-app.scm.azurewebsites.net" User-Agent="AZURECLI/2.80.0 (MSI)" Accept-Encoding="gzip, deflate" Authorization="Bea..." Cache-Control="no-cache" Content-Type="application/octet-stream" Content-Length="22640485" x-ms-client-request-id="e1a4032b-023f-11f1-823a-e8a72f88f0de" x-ms-artifact-checksum="b3cdcd1152848c243978cc136e62661ac9a5ec520176efa007d72cea4849f275" X-ARR-LOG-ID="e1a4032b-023f-11f1-823a-e8a72f88f0de" CLIENT-IP="73.135.148.163:53802" X-SITE-DEPLOYMENT-ID="ponovaweight-app" WAS-DEFAULT-HOSTNAME="ponovaweight-app.scm.azurewebsites.net" X-Forwarded-Proto="https" X-AppService-Proto="https" X-Forwarded-TlsVersion="1.3" X-WAWS-Unencoded-URL="/api/zipdeploy?isAsync=true" X-Client-IP="73.135.148.163" X-Client-Port="53802" >
  <step title="Cleanup Xml Logs" date="2026-02-05T03:08:12.212" /><!-- duration: 188ms -->
  <step title="ZipPushDeploy" date="2026-02-05T03:08:12.969" >
    <step title="ZipDeploy. Extract zip." date="2026-02-05T03:08:13.225" /><!-- duration: 14ms -->
    <step title="Starting PushDeployAsync" date="2026-02-05T03:08:13.261" /><!-- duration: 112ms -->
    <step title="Writing artifact to /tmp/zipdeploy/1241044a-e6d7-4ec6-9b11-b817f026458a.zip" date="2026-02-05T03:08:13.648" >
      <step title="Writing multipart request body to /tmp/zipdeploy/1241044a-e6d7-4ec6-9b11-b817f026458a.zip" date="2026-02-05T03:08:13.768" /><!-- duration: 51ms -->
    </step><!-- duration: 13835ms -->
    <step title="Start deployment in the background" date="2026-02-05T03:08:27.775" >
      <step title="Acquiring Deployment Lock" date="2026-02-05T03:08:28.084" /><!-- duration: 143ms -->
      <step title="Acquired Deployment Lock" date="2026-02-05T03:08:28.380" /><!-- duration: 25ms -->
    </step><!-- duration: 1433ms -->
  </step><!-- duration: 16293ms -->
  <step title="Outgoing response" date="2026-02-05T03:08:29.429" type="response" statusCode="202" statusText="Accepted" /><!-- duration: 447ms -->
</step><!-- duration: 18290ms -->
