<step title="Incoming Request" date="2026-02-05T03:04:48.202" instance="5d4311" url="/api/zipdeploy?isAsync=true" method="POST" type="request" pid="851,1,18" Accept="*/*" Host="ponovaweight-app.scm.azurewebsites.net" User-Agent="AZURECLI/2.80.0 (MSI)" Accept-Encoding="gzip, deflate" Authorization="Bea..." Cache-Control="no-cache" Content-Type="application/octet-stream" Content-Length="22640485" x-ms-client-request-id="6853d4a2-023f-11f1-8c27-e8a72f88f0de" x-ms-artifact-checksum="b3cdcd1152848c243978cc136e62661ac9a5ec520176efa007d72cea4849f275" X-ARR-LOG-ID="6853d4a2-023f-11f1-8c27-e8a72f88f0de" CLIENT-IP="73.135.148.163:56576" X-SITE-DEPLOYMENT-ID="ponovaweight-app" WAS-DEFAULT-HOSTNAME="ponovaweight-app.scm.azurewebsites.net" X-Forwarded-Proto="https" X-AppService-Proto="https" X-Forwarded-TlsVersion="1.3" X-WAWS-Unencoded-URL="/api/zipdeploy?isAsync=true" X-Client-IP="73.135.148.163" X-Client-Port="56576" >
  <step title="Cleanup Xml Logs" date="2026-02-05T03:04:48.215" /><!-- duration: 12ms -->
  <step title="ZipPushDeploy" date="2026-02-05T03:04:48.302" >
    <step title="ZipDeploy. Extract zip." date="2026-02-05T03:04:48.311" /><!-- duration: 5ms -->
    <step title="Starting PushDeployAsync" date="2026-02-05T03:04:48.322" /><!-- duration: 5ms -->
    <step title="Writing artifact to /tmp/zipdeploy/8926b281-92bb-447a-81f6-e2d54cbf3fc9.zip" date="2026-02-05T03:04:48.365" >
      <step title="Writing multipart request body to /tmp/zipdeploy/8926b281-92bb-447a-81f6-e2d54cbf3fc9.zip" date="2026-02-05T03:04:48.374" /><!-- duration: 10ms -->
    </step><!-- duration: 12855ms -->
    <step title="Start deployment in the background" date="2026-02-05T03:05:01.293" >
      <step title="Acquiring Deployment Lock" date="2026-02-05T03:05:01.389" /><!-- duration: 6ms -->
      <step title="Acquired Deployment Lock" date="2026-02-05T03:05:01.468" /><!-- duration: 7ms -->
    </step><!-- duration: 299ms -->
  </step><!-- duration: 13300ms -->
  <step title="Outgoing response" date="2026-02-05T03:05:01.629" type="response" statusCode="202" statusText="Accepted" /><!-- duration: 37ms -->
</step><!-- duration: 13482ms -->
