<step title="Incoming Request" date="2026-02-05T03:03:09.820" instance="5d4311" url="/api/publish?type=zip" method="POST" type="request" pid="851,1,23" Accept="*/*" Host="ponovaweight-app.scm.azurewebsites.net" User-Agent="AZURECLI/2.80.0 (MSI)" Accept-Encoding="gzip, deflate" Authorization="Bea..." Cache-Control="no-cache" Content-Type="application/octet-stream" Cookie="ARRAffinity=5d43112dac899e79c5f159102c851f071cec9160838765e615962ec31a27c96f; ARRAffinitySameSite=5d43112dac899e79c5f159102c851f071cec9160838765e615962ec31a27c96f" Content-Length="22640485" x-ms-client-request-id="28fb1b3f-023f-11f1-b83d-e8a72f88f0de" x-ms-artifact-checksum="b3cdcd1152848c243978cc136e62661ac9a5ec520176efa007d72cea4849f275" X-ARR-LOG-ID="28fb1b3f-023f-11f1-b83d-e8a72f88f0de" CLIENT-IP="73.135.148.163:61503" X-SITE-DEPLOYMENT-ID="ponovaweight-app" WAS-DEFAULT-HOSTNAME="ponovaweight-app.scm.azurewebsites.net" X-Forwarded-Proto="https" X-AppService-Proto="https" X-Forwarded-TlsVersion="1.3" X-WAWS-Unencoded-URL="/api/publish?type=zip" X-Client-IP="73.135.148.163" X-Client-Port="61503" >
  <step title="Cleanup Xml Logs" date="2026-02-05T03:03:09.832" /><!-- duration: 22ms -->
  <step title="OneDeploy" date="2026-02-05T03:03:09.936" >
    <step title="Starting PushDeployAsync" date="2026-02-05T03:03:09.967" /><!-- duration: 80ms -->
    <step title="Writing artifact to /tmp/zipdeploy/40ef7838-406e-4580-9999-d19fa7cf959b.zip" date="2026-02-05T03:03:10.232" >
      <step title="Writing multipart request body to /tmp/zipdeploy/40ef7838-406e-4580-9999-d19fa7cf959b.zip" date="2026-02-05T03:03:10.269" /><!-- duration: 19ms -->
    </step><!-- duration: 19389ms -->
    <step title="Attempting to fetch target branch HEAD" date="2026-02-05T03:03:29.728" /><!-- duration: 7ms -->
    <step title="Acquiring Deployment Lock" date="2026-02-05T03:03:29.789" /><!-- duration: 5ms -->
    <step title="Acquired Deployment Lock" date="2026-02-05T03:03:29.855" /><!-- duration: 4ms -->
    <step title="Performing fetch based deployment" date="2026-02-05T03:03:29.874" >
      <step title="Creating temporary deployment" date="2026-02-05T03:03:29.879" /><!-- duration: 86ms -->
      <step title="Releasing Deployment Lock" date="2026-02-05T03:03:31.290" /><!-- duration: 16ms -->
      <step title="Cleaning up temp folders from previous zip deployments and extracting pushed zip file /tmp/zipdeploy/40ef7838-406e-4580-9999-d19fa7cf959b.zip (21.59 MB) to /tmp/zipdeploy/extracted" date="2026-02-05T03:03:31.379" >
        <step title="ChmodRecursive Process exited with total time taken in ms: 106" date="2026-02-05T03:03:35.287" /><!-- duration: 14ms -->
      </step><!-- duration: 3927ms -->
      <step title="None repository commit" date="2026-02-05T03:03:35.312" >
        <step title="Commit id: b74e0f6c-b7ea-4ba0-8e27-79e4766f2102" date="2026-02-05T03:03:35.324" Message="OneDeploy" AuthorName="N/A" AuthorEmail="N/A" /><!-- duration: 7ms -->
      </step><!-- duration: 22ms -->
      <step title="Deployment timer started" date="2026-02-05T03:03:37.340" >
        <step title="DeploymentManager.Deploy(id:b74e0f6c-b7ea-4ba0-8e27-79e4766f2102)" date="2026-02-05T03:03:37.351" >
          <step title="Collecting changeset information" date="2026-02-05T03:03:37.380" /><!-- duration: 91ms -->
          <step title="Updating submodules" date="2026-02-05T03:03:37.478" /><!-- duration: 1177ms -->
          <step title="Determining deployment builder" date="2026-02-05T03:03:38.904" >
            <step title="Builder is OneDeployBuilder" date="2026-02-05T03:03:38.927" /><!-- duration: 4ms -->
          </step><!-- duration: 36ms -->
          <step title="PreDeployment: context.CleanOutputPath False" date="2026-02-05T03:03:39.004" >
            <step title="PreDeployment: context.OutputPath /home/site/wwwroot" date="2026-02-05T03:03:39.168" >
              <step title="Building" date="2026-02-05T03:03:39.317" >
                <step title="Executing external process" date="2026-02-05T03:03:40.173" type="process" path="starter.sh" arguments="/opt/Kudu/Scripts/parallel_rsync.sh /tmp/zipdeploy/extracted /home/site/wwwroot 8 /tmp/ False False  " >
                  <step title="Process dump" date="2026-02-05T03:03:52.307" exitCode="123" type="processOutput" /><!-- duration: 10ms -->
                </step><!-- duration: 12147ms -->
                <step title="Error occurred" date="2026-02-05T03:03:52.354" type="error" text="rsync: [generator] recv_generator: failed to stat &quot;/home/site/wwwroot/BlazorDebugProxy\Microsoft.CodeAnalysis.Scripting.dll&quot;: Invalid argument (22)
rsync: [generator] recv_generator: failed to stat &quot;/home/site/wwwroot/BlazorDebugProxy\Microsoft.SymbolStore.dll&quot;: Invalid argument (22)
rsync: [generator] recv_generator: failed to stat &quot;/home/site/wwwroot/wwwroot\_framework\FluentValidation.fvee6lf8f0.wasm&quot;: Invalid argument (22)
rsync: [generator] recv_generator: failed to stat &quot;/home/site/wwwroot/wwwroot\_framework\Microsoft.AspNetCore.Components.WebAssembly.p39oprrnxx.wasm&quot;: Invalid argument (22)
rsync: [generator] recv_generator: failed to stat &quot;/home/site/wwwroot/wwwroot\_framework\Microsoft.AspNetCore.Metadata.ww4ggncq2s.wasm&quot;: Invalid argument (22)
rsync: [generator] recv_generator: failed to stat &quot;/home/site/wwwroot/wwwroot\_framework\Microsoft.Extensions.Configuration.Json.vejc7kiu4g.wasm.gz&quot;: Invalid argument (22)
rsync: [generator] recv_generator: failed to stat &quot;/home/site/wwwroot/wwwroot\_framework\Microsoft.Extensions.DependencyInjection.Abstractions.5rix6s8ryu.wasm.gz&quot;: Invalid argument (22)
rsync: [generator] recv_generator: failed to stat &quot;/home/site/wwwroot/wwwroot\_framework\Microsoft.Extensions.Diagnostics.Abstractions.b1dw3y1lm0.wasm.br&quot;: Invalid argument (22)
rsync: [generator] recv_generator: failed to stat &quot;/home/site/wwwroot/wwwroot\_framework\Microsoft.JSInterop.WebAssembly.nsfh695mwg.wasm.gz&quot;: Invalid argument (22)
rsync: [generator] recv_generator: failed to stat &quot;/home/site/wwwroot/wwwroot\_framework\Microsoft.JSInterop.opjjuvycl4.wasm.br&quot;: Invalid argument (22)
rsync: [generator] recv_generator: failed to stat &quot;/home/site/wwwroot/wwwroot\_framework\PoNovaWeight.Shared.wz5mgqme34.wasm&quot;: Invalid argument (22)
rsync: [generator] recv_generator: failed to stat &quot;/home/site/wwwroot/wwwroot\_framework\PoNovaWeight.Shared.wz5mgqme34.wasm.gz&quot;: Invalid argument (22)
rsync: [generator] recv_generator: failed to stat &quot;/home/site/wwwroot/wwwroot\_framework\System.Collections.Concurrent.njqupl4mms.wasm&quot;: Invalid argument (22)
rsync: [generator] recv_generator: failed to stat &quot;/home/site/wwwroot/wwwroot\_framework\System.Collections.Concurrent.njqupl4mms.wasm.gz&quot;: Invalid argument (22)
rsync: [generator] recv_generator: failed to stat &quot;/home/site/wwwroot/wwwroot\_framework\System.Collections.Immutable.d5b59wgxlo.wasm&quot;: Invalid argument (22)
rsync: [generator] recv_generator: failed to stat &quot;/home/site/wwwroot/wwwroot\_framework\System.Collections.ssg0e07dg9.wasm&quot;: Invalid argument (22)
rsync: [generator] recv_generator: failed to stat &quot;/home/site/wwwroot/wwwroot\_framework\System.ComponentModel.zvpmoupymb.wasm.br&quot;: Invalid argument (22)
rsync: [generator] recv_generator: failed to stat &quot;/home/site/wwwroot/wwwroot\_framework\System.Console.4xbni2kq7l.wasm.br&quot;: Invalid argument (22)
rsync: [generator] recv_generator: failed to stat &quot;/home/site/wwwroot/wwwroot\_framework\System.Console.4xbni2kq7l.wasm.gz&quot;: Invalid argument (22)
rsync: [generator] recv_generator: failed to stat &quot;/home/site/wwwroot/wwwroot\_framework\System.Diagnostics.DiagnosticSource.39s9el4nki.wasm.br&quot;: Invalid argument (22)
rsync: [generator] recv_generator: failed to stat &quot;/home/site/wwwroot/wwwroot\_framework\System.IO.Pipelines.343srouqd3.wasm&quot;: Invalid argument (22)
rsync: [generator] recv_generator: failed to stat &quot;/home/site/wwwroot/wwwroot\_framework\System.IO.Pipelines.343srouqd3.wasm.gz&quot;: Invalid argument (22)
rsync: [generator] recv_generator: failed to stat &quot;/home/site/wwwroot/wwwroot\_framework\System.Net.Primitives.aficcbn7zu.wasm.br&quot;: Invalid argument (22)
rsync: [generator] recv_generator: failed to stat &quot;/home/site/wwwroot/wwwroot\_framework\System.Runtime.InteropServices.JavaScript.yzg2xf6fe9.wasm.br&quot;: Invalid argument (22)
rsync: [generator] recv_generator: failed to stat &quot;/home/site/wwwroot/wwwroot\_framework\System.Runtime.hngahcx5c9.wasm.gz&quot;: Invalid argument (22)
rsync: [generator] recv_generator: failed to stat &quot;/home/site/wwwroot/wwwroot\_framework\blazor.webassembly.js.br&quot;: Invalid argument (22)
rsync: [generator] recv_generator: failed to stat &quot;/home/site/wwwroot/wwwroot\_framework\icudt_EFIGS.tptq2av103.dat.gz&quot;: Invalid argument (22)
rsync: [generator] recv_generator: failed to stat &quot;/home/site/wwwroot/wwwroot\css\app.css&quot;: Invalid argument (22)
rsync: [generator] recv_generator: failed to stat &quot;/home/site/wwwroot/wwwroot\index.html.br&quot;: Invalid argument (22)
rsync: [generator] recv_generator: failed to stat &quot;/home/site/wwwroot/wwwroot\js\imageCompressor.js.gz&quot;: Invalid argument (22)
rsync: [generator] recv_generator: failed to stat &quot;/home/site/wwwroot/BlazorDebugProxy\BrowserDebugHost.dll&quot;: Invalid argument (22)
rsync: [generator] recv_generator: failed to stat &quot;/home/site/wwwroot/runtimes\win\lib\net6.0\System.Security.Cryptography.ProtectedData.dll&quot;: Invalid argument (22)
rsync: [generator] recv_generator: failed to stat &quot;/home/site/wwwroot/wwwroot\_framework\FluentValidation.fvee6lf8f0.wasm.br&quot;: Invalid argument (22)
rsync: [generator] recv_generator: failed to stat &quot;/home/site/wwwroot/wwwroot\_framework\Microsoft.AspNetCore.Components.Web.pu5ueti7r6.wasm&quot;: Invalid argument (22)
rsync: [generator] recv_generator: failed to stat &quot;/home/site/wwwroot/wwwroot\_framework\Microsoft.Extensions.Configuration.Json.vejc7kiu4g.wasm&quot;: Invalid argument (22)
rsync: [generator] recv_generator: failed to stat &quot;/home/site/wwwroot/wwwroot\_framework\Microsoft.Extensions.Configuration.b5r9igf1ej.wasm&quot;: Invalid argument (22)
rsync: [generator] recv_generator: failed to stat &quot;/home/site/wwwroot/wwwroot\_framework\Microsoft.Extensions.Diagnostics.Abstractions.b1dw3y1lm0.wasm.gz&quot;: Invalid argument (22)
rsync: [generator] recv_generator: failed to stat &quot;/home/site/wwwroot/wwwroot\_framework\Microsoft.Extensions.Diagnostics.pyc6yg01qc.wasm.br&quot;: Invalid argument (22)
rsync: [generator] recv_generator: failed to stat &quot;/home/site/wwwroot/wwwroot\_framework\Microsoft.Extensions.Logging.hqwwlid55b.wasm.gz&quot;: Invalid argument (22)
rsync: [generator] recv_generator: failed to stat &quot;/home/site/wwwroot/wwwroot\_framework\Microsoft.Extensions.Primitives.vga3bvc9pt.wasm&quot;: Invalid argument (22)
rsync: [generator] recv_generator: failed to stat &quot;/home/site/wwwroot/wwwroot\_framework\System.Net.Http.Json.ps2y1jpioj.wasm&quot;: Invalid argument (22)
rsync: [generator] recv_generator: failed to stat &quot;/home/site/wwwroot/wwwroot\_framework\System.Net.Primitives.aficcbn7zu.wasm.gz&quot;: Invalid argument (22)
rsync: [generator] recv_generator: failed to stat &quot;/home/site/wwwroot/wwwroot\_framework\System.Runtime.InteropServices.JavaScript.yzg2xf6fe9.wasm&quot;: Invalid argument (22)
rsync: [generator] recv_generator: failed to stat &quot;/home/site/wwwroot/wwwroot\_framework\System.Security.Cryptography.js9a235qw5.wasm.gz&quot;: Invalid argument (22)
rsync: [generator] recv_generator: failed to stat &quot;/home/site/wwwroot/wwwroot\_framework\System.Text.Json.wmlsu1nvb9.wasm.br&quot;: Invalid argument (22)
rsync: [generator] recv_generator: failed to stat &quot;/home/site/wwwroot/wwwroot\_framework\System.Text.RegularExpressions.qzclfn7mf6.wasm&quot;: Invalid argument (22)
rsync: [generator] recv_generator: failed to stat &quot;/home/site/wwwroot/wwwroot\_framework\System.Text.RegularExpressions.qzclfn7mf6.wasm.br&quot;: Invalid argument (22)
rsync: [generator] recv_generator: failed to stat &quot;/home/site/wwwroot/wwwroot\_framework\System.Threading.pidygkqh4o.wasm.gz&quot;: Invalid argument (22)
rsync: [generator] recv_generator: failed to stat &quot;/home/site/wwwroot/wwwroot\_framework\dotnet.js&quot;: Invalid argument (22)
rsync: [generator] recv_generator: failed to stat &quot;/home/site/wwwroot/wwwroot\_framework\dotnet.runtime.2tx45g8lli.js.br&quot;: Invalid argument (22)
rsync: [generator] recv_generator: failed to stat &quot;/home/site/wwwroot/wwwroot\_framework\icudt_EFIGS.tptq2av103.dat.br&quot;: Invalid argument (22)
rsync: [generator] recv_generator: failed to stat &quot;/home/site/wwwroot/wwwroot\css\app.input.css.br&quot;: Invalid argument (22)
rsync: [generator] recv_generator: failed to stat &quot;/home/site/wwwroot/wwwroot\icons\icon-192x192.svg&quot;: Invalid argument (22)
rsync: [generator] recv_generator: failed to stat &quot;/home/site/wwwroot/wwwroot\icons\icon-72x72.svg.gz&quot;: Invalid argument (22)
rsync: [generator] recv_generator: failed to stat &quot;/home/site/wwwroot/wwwroot\js\imageCompressor.js&quot;: Invalid argument (22)
rsync: [generator] recv_generator: failed to stat &quot;/home/site/wwwroot/BlazorDebugProxy\BrowserDebugProxy.dll&quot;: Invalid argument (22)
rsync: [generator] recv_generator: failed to stat &quot;/home/site/wwwroot/BlazorDebugProxy\Microsoft.FileFormats.dll&quot;: Invalid argument (22)
rsync: [generator] recv_generator: failed to stat &quot;/home/site/wwwroot/runtimes\unix\lib\net6.0\System.Drawing.Common.dll&quot;: Invalid argument (22)
rsync: [generator] recv_generator: failed to stat &quot;/home/site/wwwroot/runtimes\win\lib\net6.0\System.Diagnostics.PerformanceCounter.dll&quot;: Invalid argument (22)
rsync: [generator] recv_generator: failed to stat &quot;/home/site/wwwroot/runtimes\win\lib\net6.0\System.Windows.Extensions.dll&quot;: Invalid argument (22)
rsync: [generator] recv_generator: failed to stat &quot;/home/site/wwwroot/wwwroot\_framework\Microsoft.AspNetCore.Components.Web.pu5ueti7r6.wasm.br&quot;: Invalid argument (22)
rsync: [generator] recv_generator: failed to stat &quot;/home/site/wwwroot/wwwroot\_framework\Microsoft.Extensions.DependencyInjection.3ajkzukr0v.wasm.gz&quot;: Invalid argument (22)
rsync: [generator] recv_generator: failed to stat &quot;/home/site/wwwroot/wwwroot\_framework\Microsoft.JSInterop.WebAssembly.nsfh695mwg.wasm&quot;: Invalid argument (22)
rsync: [generator] recv_generator: failed to stat &quot;/home/site/wwwroot/wwwroot\_framework\PoNovaWeight.Shared.wz5mgqme34.wasm.br&quot;: Invalid argument (22)
rsync: [generator] recv_generator: failed to stat &quot;/home/site/wwwroot/wwwroot\_framework\System.ComponentModel.zvpmoupymb.wasm&quot;: Invalid argument (22)
rsync: [generator] recv_generator: failed to stat &quot;/home/site/wwwroot/wwwroot\_framework\System.Linq.36vg8o9c7z.wasm.gz&quot;: Invalid argument (22)
rsync: [generator] recv_generator: failed to stat &quot;/home/site/wwwroot/wwwroot\_framework\System.Memory.j3p0152ymq.wasm.br&quot;: Invalid argument (22)
rsync: [generator] recv_generator: failed to stat &quot;/home/site/wwwroot/wwwroot\_framework\System.Net.Http.Json.ps2y1jpioj.wasm.gz&quot;: Invalid argument (22)
rsync: [generator] recv_generator: failed to stat &quot;/home/site/wwwroot/wwwroot\_framework\System.Net.Http.hegxpoqgpb.wasm&quot;: Invalid argument (22)
rsync: [generator] recv_generator: failed to stat &quot;/home/site/wwwroot/wwwroot\_framework\System.Net.Http.hegxpoqgpb.wasm.gz&quot;: Invalid argument (22)
rsync: [generator] recv_generator: failed to stat &quot;/home/site/wwwroot/wwwroot\_framework\System.Private.CoreLib.9zcwe6cu90.wasm&quot;: Invalid argument (22)
rsync: [generator] recv_generator: failed to stat &quot;/home/site/wwwroot/wwwroot\_framework\System.Private.CoreLib.9zcwe6cu90.wasm.br&quot;: Invalid argument (22)
rsync: [generator] recv_generator: failed to stat &quot;/home/site/wwwroot/wwwroot\_framework\System.Runtime.InteropServices.JavaScript.yzg2xf6fe9.wasm.gz&quot;: Invalid argument (22)
rsync: [generator] recv_generator: failed to stat &quot;/home/site/wwwroot/wwwroot\_framework\System.Security.Claims.3vv1agi3ru.wasm&quot;: Invalid argument (22)
rsync: [generator] recv_generator: failed to stat &quot;/home/site/wwwroot/wwwroot\_framework\System.Security.Cryptography.js9a235qw5.wasm.br&quot;: Invalid argument (22)
rsync: [generator] recv_generator: failed to stat &quot;/home/site/wwwroot/wwwroot\_framework\System.Text.Encodings.Web.jr14ggfk6o.wasm.br&quot;: Invalid argument (22)
rsync: [generator] recv_generator: failed to stat &quot;/home/site/wwwroot/wwwroot\_framework\dotnet.native.87vtjjdetb.js&quot;: Invalid argument (22)
rsync: [generator] recv_generator: failed to stat &quot;/home/site/wwwroot/wwwroot\_framework\dotnet.native.87vtjjdetb.js.gz&quot;: Invalid argument (22)
rsync: [generator] recv_generator: failed to stat &quot;/home/site/wwwroot/wwwroot\icons\icon-512x512.svg.br&quot;: Invalid argument (22)
rsync: [generator] recv_generator: failed to stat &quot;/home/site/wwwroot/wwwroot\icons\icon-512x512.svg.gz&quot;: Invalid argument (22)
rsync: [generator] recv_generator: failed to stat &quot;/home/site/wwwroot/wwwroot\manifest.json.gz&quot;: Invalid argument (22)
rsync: [generator] recv_generator: failed to stat &quot;/home/site/wwwroot/wwwroot\_framework\Microsoft.AspNetCore.Components.Authorization.q3xbsym3mv.wasm.br&quot;: Invalid argument (22)
rsync: [generator] recv_generator: failed to stat &quot;/home/site/wwwroot/wwwroot\_framework\Microsoft.AspNetCore.Components.oklg9oi6zp.wasm&quot;: Invalid argument (22)
rsync: [generator] recv_generator: failed to stat &quot;/home/site/wwwroot/wwwroot\_framework\Microsoft.Extensions.Configuration.Abstractions.9hvqdnyedj.wasm.gz&quot;: Invalid argument (22)
rsync: [generator] recv_generator: failed to stat &quot;/home/site/wwwroot/wwwroot\_framework\Microsoft.Extensions.DependencyInjection.Abstractions.5rix6s8ryu.wasm&quot;: Invalid argument (22)
rsync: [generator] recv_generator: failed to stat &quot;/home/site/wwwroot/wwwroot\_framework\Microsoft.Extensions.Logging.Abstractions.7c8xhh9p0f.wasm&quot;: Invalid argument (22)
rsync: [generator] recv_generator: failed to stat &quot;/home/site/wwwroot/wwwroot\_framework\Microsoft.Extensions.Options.l6m4zdy6il.wasm&quot;: Invalid argument (22)
rsync: [generator] recv_generator: failed to stat &quot;/home/site/wwwroot/wwwroot\_framework\Microsoft.Extensions.Primitives.vga3bvc9pt.wasm.gz&quot;: Invalid argument (22)
rsync: [generator] recv_generator: failed to stat &quot;/home/site/wwwroot/wwwroot\_framework\Microsoft.JSInterop.WebAssembly.nsfh695mwg.wasm.br&quot;: Invalid argument (22)
rsync: [generator] recv_generator: failed to stat &quot;/home/site/wwwroot/wwwroot\_framework\System.Collections.ssg0e07dg9.wasm.br&quot;: Invalid argument (22)
rsync: [generator] recv_generator: failed to stat &quot;/home/site/wwwroot/wwwroot\_framework\System.Collections.ssg0e07dg9.wasm.gz&quot;: Invalid argument (22)
rsync: [generator] recv_generator: failed to stat &quot;/home/site/wwwroot/wwwroot\_framework\System.Console.4xbni2kq7l.wasm&quot;: Invalid argument (22)
rsync: [generator] recv_generator: failed to stat &quot;/home/site/wwwroot/wwwroot\_framework\System.Linq.36vg8o9c7z.wasm&quot;: Invalid argument (22)
rsync: [generator] recv_generator: failed to stat &quot;/home/site/wwwroot/wwwroot\_framework\System.Linq.Expressions.k7c66dpt6q.wasm.br&quot;: Invalid argument (22)
rsync: [generator] recv_generator: failed to stat &quot;/home/site/wwwroot/wwwroot\_framework\System.Private.CoreLib.9zcwe6cu90.wasm.gz&quot;: Invalid argument (22)
rsync: [generator] recv_generator: failed to stat &quot;/home/site/wwwroot/wwwroot\_framework\System.Private.Uri.pmnqwqnrkb.wasm.gz&quot;: Invalid argument (22)
rsync: [generator] recv_generator: failed to stat &quot;/home/site/wwwroot/wwwroot\_framework\System.Runtime.hngahcx5c9.wasm.br&quot;: Invalid argument (22)
rsync: [generator] recv_generator: failed to stat &quot;/home/site/wwwroot/wwwroot\_framework\System.Security.Claims.3vv1agi3ru.wasm.gz&quot;: Invalid argument (22)
rsync: [generator] recv_generator: failed to stat &quot;/home/site/wwwroot/wwwroot\_framework\System.Text.RegularExpressions.qzclfn7mf6.wasm.gz&quot;: Invalid argument (22)
rsync: [generator] recv_generator: failed to stat &quot;/home/site/wwwroot/wwwroot\_framework\System.Threading.pidygkqh4o.wasm&quot;: Invalid argument (22)
rsync: [generator] recv_generator: failed to stat &quot;/home/site/wwwroot/wwwroot\_framework\dotnet.js.gz&quot;: Invalid argument (22)
rsync: [generator] recv_generator: failed to stat &quot;/home/site/wwwroot/wwwroot\_framework\dotnet.native.befq3iek54.wasm&quot;: Invalid argument (22)
rsync: [generator] recv_generator: failed to stat &quot;/home/site/wwwroot/wwwroot\_framework\dotnet.runtime.2tx45g8lli.js.gz&quot;: Invalid argument (22)
rsync: [generator] recv_generator: failed to stat &quot;/home/site/wwwroot/wwwroot\_framework\icudt_no_CJK.lfu7j35m59.dat.br&quot;: Invalid argument (22)
rsync: [generator] recv_generator: failed to stat &quot;/home/site/wwwroot/wwwroot\css\app.input.css&quot;: Invalid argument (22)
rsync: [generator] recv_generator: failed to stat &quot;/home/site/wwwroot/BlazorDebugProxy\BrowserDebugHost.runtimeconfig.json&quot;: Invalid argument (22)
rsync: [generator] recv_generator: failed to stat &quot;/home/site/wwwroot/BlazorDebugProxy\Microsoft.CodeAnalysis.CSharp.dll&quot;: Invalid argument (22)
rsync: [generator] recv_generator: failed to stat &quot;/home/site/wwwroot/BlazorDebugProxy\Newtonsoft.Json.dll&quot;: Invalid argument (22)
rsync: [generator] recv_generator: failed to stat &quot;/home/site/wwwroot/BlazorDebugProxy\Microsoft.CodeAnalysis.dll&quot;: Invalid argument (22)
rsync: [generator] recv_generator: failed to stat &quot;/home/site/wwwroot/BlazorDebugProxy\Microsoft.NET.WebAssembly.Webcil.dll&quot;: Invalid argument (22)
rsync: [generator] recv_generator: failed to stat &quot;/home/site/wwwroot/runtimes\win\lib\net6.0\Microsoft.Win32.SystemEvents.dll&quot;: Invalid argument (22)
rsync: [generator] recv_generator: failed to stat &quot;/home/site/wwwroot/runtimes\win\lib\net6.0\System.Drawing.Common.dll&quot;: Invalid argument (22)
rsync: [generator] recv_generator: failed to stat &quot;/home/site/wwwroot/wwwroot\_framework\FluentValidation.fvee6lf8f0.wasm.gz&quot;: Invalid argument (22)
rsync: [generator] recv_generator: failed to stat &quot;/home/site/wwwroot/wwwroot\_framework\Microsoft.AspNetCore.Components.Authorization.q3xbsym3mv.wasm&quot;: Invalid argument (22)
rsync: [generator] recv_generator: failed to stat &quot;/home/site/wwwroot/wwwroot\_framework\Microsoft.AspNetCore.Components.oklg9oi6zp.wasm.gz&quot;: Invalid argument (22)
rsync: [generator] recv_generator: failed to stat &quot;/home/site/wwwroot/wwwroot\_framework\Microsoft.AspNetCore.Metadata.ww4ggncq2s.wasm.gz&quot;: Invalid argument (22)
rsync: [generator] recv_generator: failed to stat &quot;/home/site/wwwroot/wwwroot\_framework\Microsoft.Extensions.Configuration.Abstractions.9hvqdnyedj.wasm.br&quot;: Invalid argument (22)
rsync: [generator] recv_generator: failed to stat &quot;/home/site/wwwroot/wwwroot\_framework\Microsoft.Extensions.Diagnostics.Abstractions.b1dw3y1lm0.wasm&quot;: Invalid argument (22)
rsync: [generator] recv_generator: failed to stat &quot;/home/site/wwwroot/wwwroot\_framework\Microsoft.Extensions.Logging.Abstractions.7c8xhh9p0f.wasm.br&quot;: Invalid argument (22)
rsync: [generator] recv_generator: failed to stat &quot;/home/site/wwwroot/wwwroot\_framework\Microsoft.Extensions.Logging.hqwwlid55b.wasm.br&quot;: Invalid argument (22)
rsync: [generator] recv_generator: failed to stat &quot;/home/site/wwwroot/wwwroot\_framework\System.ComponentModel.zvpmoupymb.wasm.gz&quot;: Invalid argument (22)
rsync: [generator] recv_generator: failed to stat &quot;/home/site/wwwroot/wwwroot\_framework\System.Diagnostics.DiagnosticSource.39s9el4nki.wasm.gz&quot;: Invalid argument (22)
rsync: [generator] recv_generator: failed to stat &quot;/home/site/wwwroot/wwwroot\_framework\System.Memory.j3p0152ymq.wasm&quot;: Invalid argument (22)
rsync: [generator] recv_generator: failed to stat &quot;/home/site/wwwroot/wwwroot\_framework\System.Memory.j3p0152ymq.wasm.gz&quot;: Invalid argument (22)
rsync: [generator] recv_generator: failed to stat &quot;/home/site/wwwroot/wwwroot\_framework\icudt_CJK.tjcz0u77k5.dat.br&quot;: Invalid argument (22)
rsync: [generator] recv_generator: failed to stat &quot;/home/site/wwwroot/wwwroot\_framework\icudt_EFIGS.tptq2av103.dat&quot;: Invalid argument (22)
rsync: [generator] recv_generator: failed to stat &quot;/home/site/wwwroot/wwwroot\icons\icon-192x192.svg.gz&quot;: Invalid argument (22)
rsync: [generator] recv_generator: failed to stat &quot;/home/site/wwwroot/wwwroot\manifest.json.br&quot;: Invalid argument (22)
rsync: [generator] recv_generator: failed to stat &quot;/home/site/wwwroot/wwwroot\_framework\Microsoft.AspNetCore.Authorization.0pckucmtto.wasm.br&quot;: Invalid argument (22)
rsync: [generator] recv_generator: failed to stat &quot;/home/site/wwwroot/wwwroot\_framework\Microsoft.AspNetCore.Components.oklg9oi6zp.wasm.br&quot;: Invalid argument (22)
rsync: [generator] recv_generator: failed to stat &quot;/home/site/wwwroot/wwwroot\_framework\Microsoft.AspNetCore.Metadata.ww4ggncq2s.wasm.br&quot;: Invalid argument (22)
rsync: [generator] recv_generator: failed to stat &quot;/home/site/wwwroot/wwwroot\_framework\Microsoft.Extensions.Configuration.Abstractions.9hvqdnyedj.wasm&quot;: Invalid argument (22)
rsync: [generator] recv_generator: failed to stat &quot;/home/site/wwwroot/wwwroot\_framework\Microsoft.Extensions.Configuration.b5r9igf1ej.wasm.br&quot;: Invalid argument (22)
rsync: [generator] recv_generator: failed to stat &quot;/home/site/wwwroot/wwwroot\_framework\Microsoft.Extensions.Diagnostics.pyc6yg01qc.wasm&quot;: Invalid argument (22)
rsync: [generator] recv_generator: failed to stat &quot;/home/site/wwwroot/wwwroot\_framework\Microsoft.Extensions.Logging.hqwwlid55b.wasm&quot;: Invalid argument (22)
rsync: [generator] recv_generator: failed to stat &quot;/home/site/wwwroot/wwwroot\_framework\Microsoft.JSInterop.opjjuvycl4.wasm.gz&quot;: Invalid argument (22)
rsync: [generator] recv_generator: failed to stat &quot;/home/site/wwwroot/wwwroot\_framework\PoNovaWeight.Client.t0giljkuhs.wasm&quot;: Invalid argument (22)
rsync: [generator] recv_generator: failed to stat &quot;/home/site/wwwroot/wwwroot\_framework\System.Collections.Concurrent.njqupl4mms.wasm.br&quot;: Invalid argument (22)
rsync: [generator] recv_generator: failed to stat &quot;/home/site/wwwroot/wwwroot\_framework\System.Diagnostics.DiagnosticSource.39s9el4nki.wasm&quot;: Invalid argument (22)
rsync: [generator] recv_generator: failed to stat &quot;/home/site/wwwroot/wwwroot\_framework\System.Linq.Expressions.k7c66dpt6q.wasm.gz&quot;: Invalid argument (22)
rsync: [generator] recv_generator: failed to stat &quot;/home/site/wwwroot/wwwroot\_framework\System.Private.Uri.pmnqwqnrkb.wasm&quot;: Invalid argument (22)
rsync: [generator] recv_generator: failed to stat &quot;/home/site/wwwroot/wwwroot\_framework\System.Runtime.hngahcx5c9.wasm&quot;: Invalid argument (22)
rsync: [generator] recv_generator: failed to stat &quot;/home/site/wwwroot/wwwroot\_framework\System.Text.Json.wmlsu1nvb9.wasm.gz&quot;: Invalid argument (22)
rsync: [generator] recv_generator: failed to stat &quot;/home/site/wwwroot/wwwroot\_framework\blazor.webassembly.js&quot;: Invalid argument (22)
rsync: [generator] recv_generator: failed to stat &quot;/home/site/wwwroot/wwwroot\_framework\blazor.webassembly.js.gz&quot;: Invalid argument (22)
rsync: [generator] recv_generator: failed to stat &quot;/home/site/wwwroot/wwwroot\_framework\dotnet.native.87vtjjdetb.js.br&quot;: Invalid argument (22)
rsync: [generator] recv_generator: failed to stat &quot;/home/site/wwwroot/wwwroot\_framework\dotnet.native.befq3iek54.wasm.gz&quot;: Invalid argument (22)
rsync: [generator] recv_generator: failed to stat &quot;/home/site/wwwroot/wwwroot\_framework\icudt_CJK.tjcz0u77k5.dat&quot;: Invalid argument (22)
rsync: [generator] recv_generator: failed to stat &quot;/home/site/wwwroot/wwwroot\_framework\icudt_no_CJK.lfu7j35m59.dat&quot;: Invalid argument (22)
rsync: [generator] recv_generator: failed to stat &quot;/home/site/wwwroot/wwwroot\icons\icon-72x72.svg.br&quot;: Invalid argument (22)
rsync: [generator] recv_generator: failed to stat &quot;/home/site/wwwroot/BlazorDebugProxy\Microsoft.CodeAnalysis.CSharp.Scripting.dll&quot;: Invalid argument (22)
rsync: [generator] recv_generator: failed to stat &quot;/home/site/wwwroot/wwwroot\_framework\Microsoft.AspNetCore.Authorization.0pckucmtto.wasm&quot;: Invalid argument (22)
rsync: [generator] recv_generator: failed to stat &quot;/home/site/wwwroot/wwwroot\_framework\Microsoft.AspNetCore.Components.Authorization.q3xbsym3mv.wasm.gz&quot;: Invalid argument (22)
rsync: [generator] recv_generator: failed to stat &quot;/home/site/wwwroot/wwwroot\_framework\Microsoft.AspNetCore.Components.Web.pu5ueti7r6.wasm.gz&quot;: Invalid argument (22)
rsync: [generator] recv_generator: failed to stat &quot;/home/site/wwwroot/wwwroot\_framework\Microsoft.Extensions.DependencyInjection.3ajkzukr0v.wasm.br&quot;: Invalid argument (22)
rsync: [generator] recv_generator: failed to stat &quot;/home/site/wwwroot/wwwroot\_framework\Microsoft.JSInterop.opjjuvycl4.wasm&quot;: Invalid argument (22)
rsync: [generator] recv_generator: failed to stat &quot;/home/site/wwwroot/wwwroot\_framework\System.Collections.Immutable.d5b59wgxlo.wasm.br&quot;: Invalid argument (22)
rsync: [generator] recv_generator: failed to stat &quot;/home/site/wwwroot/wwwroot\_framework\System.Collections.Immutable.d5b59wgxlo.wasm.gz&quot;: Invalid argument (22)
rsync: [generator] recv_generator: failed to stat &quot;/home/site/wwwroot/wwwroot\_framework\System.Linq.36vg8o9c7z.wasm.br&quot;: Invalid argument (22)
rsync: [generator] recv_generator: failed to stat &quot;/home/site/wwwroot/wwwroot\_framework\System.Linq.Expressions.k7c66dpt6q.wasm&quot;: Invalid argument (22)
rsync: [generator] recv_generator: failed to stat &quot;/home/site/wwwroot/wwwroot\_framework\System.Net.Http.Json.ps2y1jpioj.wasm.br&quot;: Invalid argument (22)
rsync: [generator] recv_generator: failed to stat &quot;/home/site/wwwroot/wwwroot\_framework\System.Net.Http.hegxpoqgpb.wasm.br&quot;: Invalid argument (22)
rsync: [generator] recv_generator: failed to stat &quot;/home/site/wwwroot/wwwroot\_framework\System.Security.Claims.3vv1agi3ru.wasm.br&quot;: Invalid argument (22)
rsync: [generator] recv_generator: failed to stat &quot;/home/site/wwwroot/wwwroot\_framework\System.Security.Cryptography.js9a235qw5.wasm&quot;: Invalid argument (22)
rsync: [generator] recv_generator: failed to stat &quot;/home/site/wwwroot/wwwroot\_framework\System.Text.Json.wmlsu1nvb9.wasm&quot;: Invalid argument (22)
rsync: [generator] recv_generator: failed to stat &quot;/home/site/wwwroot/wwwroot\_framework\System.Threading.pidygkqh4o.wasm.br&quot;: Invalid argument (22)
rsync: [generator] recv_generator: failed to stat &quot;/home/site/wwwroot/wwwroot\_framework\dotnet.js.br&quot;: Invalid argument (22)
rsync: [generator] recv_generator: failed to stat &quot;/home/site/wwwroot/wwwroot\_framework\icudt_CJK.tjcz0u77k5.dat.gz&quot;: Invalid argument (22)
rsync: [generator] recv_generator: failed to stat &quot;/home/site/wwwroot/wwwroot\css\app.css.br&quot;: Invalid argument (22)
rsync: [generator] recv_generator: failed to stat &quot;/home/site/wwwroot/wwwroot\css\app.css.gz&quot;: Invalid argument (22)
rsync: [generator] recv_generator: failed to stat &quot;/home/site/wwwroot/wwwroot\icons\icon-192x192.svg.br&quot;: Invalid argument (22)
rsync: [generator] recv_generator: failed to stat &quot;/home/site/wwwroot/wwwroot\icons\icon-512x512.svg&quot;: Invalid argument (22)
rsync: [generator] recv_generator: failed to stat &quot;/home/site/wwwroot/wwwroot\icons\icon-72x72.svg&quot;: Invalid argument (22)
rsync: [generator] recv_generator: failed to stat &quot;/home/site/wwwroot/wwwroot\index.html.gz&quot;: Invalid argument (22)
rsync: [generator] recv_generator: failed to stat &quot;/home/site/wwwroot/wwwroot\manifest.json&quot;: Invalid argument (22)
rsync: [generator] recv_generator: failed to stat &quot;/home/site/wwwroot/wwwroot\_framework\Microsoft.AspNetCore.Authorization.0pckucmtto.wasm.gz&quot;: Invalid argument (22)
rsync: [generator] recv_generator: failed to stat &quot;/home/site/wwwroot/wwwroot\_framework\Microsoft.AspNetCore.Components.WebAssembly.p39oprrnxx.wasm.br&quot;: Invalid argument (22)
rsync: [generator] recv_generator: failed to stat &quot;/home/site/wwwroot/wwwroot\_framework\Microsoft.AspNetCore.Components.WebAssembly.p39oprrnxx.wasm.gz&quot;: Invalid argument (22)
rsync: [generator] recv_generator: failed to stat &quot;/home/site/wwwroot/wwwroot\_framework\Microsoft.Extensions.Configuration.Json.vejc7kiu4g.wasm.br&quot;: Invalid argument (22)
rsync: [generator] recv_generator: failed to stat &quot;/home/site/wwwroot/wwwroot\_framework\Microsoft.Extensions.Configuration.b5r9igf1ej.wasm.gz&quot;: Invalid argument (22)
rsync: [generator] recv_generator: failed to stat &quot;/home/site/wwwroot/wwwroot\_framework\Microsoft.Extensions.DependencyInjection.3ajkzukr0v.wasm&quot;: Invalid argument (22)
rsync: [generator] recv_generator: failed to stat &quot;/home/site/wwwroot/wwwroot\_framework\Microsoft.Extensions.DependencyInjection.Abstractions.5rix6s8ryu.wasm.br&quot;: Invalid argument (22)
rsync: [generator] recv_generator: failed to stat &quot;/home/site/wwwroot/wwwroot\_framework\Microsoft.Extensions.Diagnostics.pyc6yg01qc.wasm.gz&quot;: Invalid argument (22)
rsync: [generator] recv_generator: failed to stat &quot;/home/site/wwwroot/wwwroot\_framework\Microsoft.Extensions.Logging.Abstractions.7c8xhh9p0f.wasm.gz&quot;: Invalid argument (22)
rsync: [generator] recv_generator: failed to stat &quot;/home/site/wwwroot/wwwroot\_framework\Microsoft.Extensions.Options.l6m4zdy6il.wasm.br&quot;: Invalid argument (22)
rsync: [generator] recv_generator: failed to stat &quot;/home/site/wwwroot/wwwroot\_framework\Microsoft.Extensions.Options.l6m4zdy6il.wasm.gz&quot;: Invalid argument (22)
rsync: [generator] recv_generator: failed to stat &quot;/home/site/wwwroot/wwwroot\_framework\Microsoft.Extensions.Primitives.vga3bvc9pt.wasm.br&quot;: Invalid argument (22)
rsync: [generator] recv_generator: failed to stat &quot;/home/site/wwwroot/wwwroot\_framework\PoNovaWeight.Client.t0giljkuhs.wasm.br&quot;: Invalid argument (22)
rsync: [generator] recv_generator: failed to stat &quot;/home/site/wwwroot/wwwroot\_framework\PoNovaWeight.Client.t0giljkuhs.wasm.gz&quot;: Invalid argument (22)
rsync: [generator] recv_generator: failed to stat &quot;/home/site/wwwroot/wwwroot\_framework\System.IO.Pipelines.343srouqd3.wasm.br&quot;: Invalid argument (22)
rsync: [generator] recv_generator: failed to stat &quot;/home/site/wwwroot/wwwroot\_framework\System.Net.Primitives.aficcbn7zu.wasm&quot;: Invalid argument (22)
rsync: [generator] recv_generator: failed to stat &quot;/home/site/wwwroot/wwwroot\_framework\System.Private.Uri.pmnqwqnrkb.wasm.br&quot;: Invalid argument (22)
rsync: [generator] recv_generator: failed to stat &quot;/home/site/wwwroot/wwwroot\_framework\System.Text.Encodings.Web.jr14ggfk6o.wasm&quot;: Invalid argument (22)
rsync: [generator] recv_generator: failed to stat &quot;/home/site/wwwroot/wwwroot\_framework\System.Text.Encodings.Web.jr14ggfk6o.wasm.gz&quot;: Invalid argument (22)
rsync: [generator] recv_generator: failed to stat &quot;/home/site/wwwroot/wwwroot\_framework\dotnet.native.befq3iek54.wasm.br&quot;: Invalid argument (22)
rsync: [generator] recv_generator: failed to stat &quot;/home/site/wwwroot/wwwroot\_framework\dotnet.runtime.2tx45g8lli.js&quot;: Invalid argument (22)
rsync: [generator] recv_generator: failed to stat &quot;/home/site/wwwroot/wwwroot\_framework\icudt_no_CJK.lfu7j35m59.dat.gz&quot;: Invalid argument (22)
rsync: [generator] recv_generator: failed to stat &quot;/home/site/wwwroot/wwwroot\css\app.input.css.gz&quot;: Invalid argument (22)
rsync: [generator] recv_generator: failed to stat &quot;/home/site/wwwroot/wwwroot\index.html&quot;: Invalid argument (22)
rsync: [generator] recv_generator: failed to stat &quot;/home/site/wwwroot/wwwroot\js\imageCompressor.js.br&quot;: Invalid argument (22)
rsync error: some files/attrs were not transferred (see previous errors) (code 23) at main.c(1338) [sender=3.2.7]
rsync: [generator] recv_generator: failed to stat &quot;/home/site/wwwroot/BlazorDebugProxy\Microsoft.CodeAnalysis.Scripting.dll&quot;: Invalid argument (22)
rsync: [generator] recv_generator: failed to stat &quot;/home/site/wwwroot/BlazorDebugProxy\Microsoft.SymbolStore.dll&quot;: Invalid argument (22)
rsync: [generator] recv_generator: failed to stat &quot;/home/site/wwwroot/wwwroot\_framework\FluentValidation.fvee6lf8f0.wasm&quot;: Invalid argument (22)
rsync: [generator] recv_generator: failed to stat &quot;/home/site/wwwroot/wwwroot\_framework\Microsoft.AspNetCore.Components.WebAssembly.p39oprrnxx.wasm&quot;: Invalid argument (22)
rsync: [generator] recv_generator: failed to stat &quot;/home/site/wwwroot/wwwroot\_framework\Microsoft.AspNetCore.Metadata.ww4ggncq2s.wasm&quot;: Invalid argument (22)
rsync: [generator] recv_generator: failed to stat &quot;/home/site/wwwroot/wwwroot\_framework\Microsoft.Extensions.Configuration.Json.vejc7kiu4g.wasm.gz&quot;: Invalid argument (22)
rsync: [generator] recv_generator: failed to stat &quot;/home/site/wwwroot/wwwroot\_framework\Microsoft.Extensions.DependencyInjection.Abstractions.5rix6s8ryu.wasm.gz&quot;: Invalid argument (22)
rsync: [generator] recv_generator: failed to stat &quot;/home/site/wwwroot/wwwroot\_framework\Microsoft.Extensions.Diagnostics.Abstractions.b1dw3y1lm0.wasm.br&quot;: Invalid argument (22)
rsync: [generator] recv_generator: failed to stat &quot;/home/site/wwwroot/wwwroot\_framework\Microsoft.JSInterop.WebAssembly.nsfh695mwg.wasm.gz&quot;: Invalid argument (22)
rsync: [generator] recv_generator: failed to stat &quot;/home/site/wwwroot/wwwroot\_framework\Microsoft.JSInterop.opjjuvycl4.wasm.br&quot;: Invalid argument (22)
rsync: [generator] recv_generator: failed to stat &quot;/home/site/wwwroot/wwwroot\_framework\PoNovaWeight.Shared.wz5mgqme34.wasm&quot;: Invalid argument (22)
rsync: [generator] recv_generator: failed to stat &quot;/home/site/wwwroot/wwwroot\_framework\PoNovaWeight.Shared.wz5mgqme34.wasm.gz&quot;: Invalid argument (22)
rsync: [generator] recv_generator: failed to stat &quot;/home/site/wwwroot/wwwroot\_framework\System.Collections.Concurrent.njqupl4mms.wasm&quot;: Invalid argument (22)
rsync: [generator] recv_generator: failed to stat &quot;/home/site/wwwroot/wwwroot\_framework\System.Collections.Concurrent.njqupl4mms.wasm.gz&quot;: Invalid argument (22)
rsync: [generator] recv_generator: failed to stat &quot;/home/site/wwwroot/wwwroot\_framework\System.Collections.Immutable.d5b59wgxlo.wasm&quot;: Invalid argument (22)
rsync: [generator] recv_generator: failed to stat &quot;/home/site/wwwroot/wwwroot\_framework\System.Collections.ssg0e07dg9.wasm&quot;: Invalid argument (22)
rsync: [generator] recv_generator: failed to stat &quot;/home/site/wwwroot/wwwroot\_framework\System.ComponentModel.zvpmoupymb.wasm.br&quot;: Invalid argument (22)
rsync: [generator] recv_generator: failed to stat &quot;/home/site/wwwroot/wwwroot\_framework\System.Console.4xbni2kq7l.wasm.br&quot;: Invalid argument (22)
rsync: [generator] recv_generator: failed to stat &quot;/home/site/wwwroot/wwwroot\_framework\System.Console.4xbni2kq7l.wasm.gz&quot;: Invalid argument (22)
rsync: [generator] recv_generator: failed to stat &quot;/home/site/wwwroot/wwwroot\_framework\System.Diagnostics.DiagnosticSource.39s9el4nki.wasm.br&quot;: Invalid argument (22)
rsync: [generator] recv_generator: failed to stat &quot;/home/site/wwwroot/wwwroot\_framework\System.IO.Pipelines.343srouqd3.wasm&quot;: Invalid argument (22)
rsync: [generator] recv_generator: failed to stat &quot;/home/site/wwwroot/wwwroot\_framework\System.IO.Pipelines.343srouqd3.wasm.gz&quot;: Invalid argument (22)
rsync: [generator] recv_generator: failed to stat &quot;/home/site/wwwroot/wwwroot\_framework\System.Net.Primitives.aficcbn7zu.wasm.br&quot;: Invalid argument (22)
rsync: [generator] recv_generator: failed to stat &quot;/home/site/wwwroot/wwwroot\_framework\System.Runtime.InteropServices.JavaScript.yzg2xf6fe9.wasm.br&quot;: Invalid argument (22)
rsync: [generator] recv_generator: failed to stat &quot;/home/site/wwwroot/wwwroot\_framework\System.Runtime.hngahcx5c9.wasm.gz&quot;: Invalid argument (22)
rsync: [generator] recv_generator: failed to stat &quot;/home/site/wwwroot/wwwroot\_framework\blazor.webassembly.js.br&quot;: Invalid argument (22)
rsync: [generator] recv_generator: failed to stat &quot;/home/site/wwwroot/wwwroot\_framework\icudt_EFIGS.tptq2av103.dat.gz&quot;: Invalid argument (22)
rsync: [generator] recv_generator: failed to stat &quot;/home/site/wwwroot/wwwroot\css\app.css&quot;: Invalid argument (22)
rsync: [generator] recv_generator: failed to stat &quot;/home/site/wwwroot/wwwroot\index.html.br&quot;: Invalid argument (22)
rsync: [generator] recv_generator: failed to stat &quot;/home/site/wwwroot/wwwroot\js\imageCompressor.js.gz&quot;: Invalid argument (22)
rsync error: some files/attrs were not transferred (see previous errors) (code 23) at main.c(1338) [sender=3.2.7]
rsync error: some files/attrs were not transferred (see previous errors) (code 23) at main.c(1338) [sender=3.2.7]
rsync error: some files/attrs were not transferred (see previous errors) (code 23) at main.c(1338) [sender=3.2.7]
rsync: [generator] recv_generator: failed to stat &quot;/home/site/wwwroot/BlazorDebugProxy\BrowserDebugHost.runtimeconfig.json&quot;: Invalid argument (22)
rsync: [generator] recv_generator: failed to stat &quot;/home/site/wwwroot/BlazorDebugProxy\Microsoft.CodeAnalysis.CSharp.dll&quot;: Invalid argument (22)
rsync: [generator] recv_generator: failed to stat &quot;/home/site/wwwroot/BlazorDebugProxy\Newtonsoft.Json.dll&quot;: Invalid argument (22)
rsync: [generator] recv_generator: failed to stat &quot;/home/site/wwwroot/wwwroot\_framework\Microsoft.AspNetCore.Authorization.0pckucmtto.wasm&quot;: Invalid argument (22)
rsync: [generator] recv_generator: failed to stat &quot;/home/site/wwwroot/wwwroot\_framework\Microsoft.AspNetCore.Components.Authorization.q3xbsym3mv.wasm.gz&quot;: Invalid argument (22)
rsync: [generator] recv_generator: failed to stat &quot;/home/site/wwwroot/wwwroot\_framework\Microsoft.AspNetCore.Components.Web.pu5ueti7r6.wasm.gz&quot;: Invalid argument (22)
rsync: [generator] recv_generator: failed to stat &quot;/home/site/wwwroot/wwwroot\_framework\Microsoft.Extensions.DependencyInjection.3ajkzukr0v.wasm.br&quot;: Invalid argument (22)
rsync: [generator] recv_generator: failed to stat &quot;/home/site/wwwroot/wwwroot\_framework\Microsoft.JSInterop.opjjuvycl4.wasm&quot;: Invalid argument (22)
rsync: [generator] recv_generator: failed to stat &quot;/home/site/wwwroot/wwwroot\_framework\System.Collections.Immutable.d5b59wgxlo.wasm.br&quot;: Invalid argument (22)
rsync: [generator] recv_generator: failed to stat &quot;/home/site/wwwroot/wwwroot\_framework\System.Collections.Immutable.d5b59wgxlo.wasm.gz&quot;: Invalid argument (22)
rsync: [generator] recv_generator: failed to stat &quot;/home/site/wwwroot/wwwroot\_framework\System.Linq.36vg8o9c7z.wasm.br&quot;: Invalid argument (22)
rsync: [generator] recv_generator: failed to stat &quot;/home/site/wwwroot/wwwroot\_framework\System.Linq.Expressions.k7c66dpt6q.wasm&quot;: Invalid argument (22)
rsync: [generator] recv_generator: failed to stat &quot;/home/site/wwwroot/wwwroot\_framework\System.Net.Http.Json.ps2y1jpioj.wasm.br&quot;: Invalid argument (22)
rsync: [generator] recv_generator: failed to stat &quot;/home/site/wwwroot/wwwroot\_framework\System.Net.Http.hegxpoqgpb.wasm.br&quot;: Invalid argument (22)
rsync: [generator] recv_generator: failed to stat &quot;/home/site/wwwroot/wwwroot\_framework\System.Security.Claims.3vv1agi3ru.wasm.br&quot;: Invalid argument (22)
rsync: [generator] recv_generator: failed to stat &quot;/home/site/wwwroot/wwwroot\_framework\System.Security.Cryptography.js9a235qw5.wasm&quot;: Invalid argument (22)
rsync: [generator] recv_generator: failed to stat &quot;/home/site/wwwroot/wwwroot\_framework\System.Text.Json.wmlsu1nvb9.wasm&quot;: Invalid argument (22)
rsync: [generator] recv_generator: failed to stat &quot;/home/site/wwwroot/wwwroot\_framework\System.Threading.pidygkqh4o.wasm.br&quot;: Invalid argument (22)
rsync: [generator] recv_generator: failed to stat &quot;/home/site/wwwroot/wwwroot\_framework\dotnet.js.br&quot;: Invalid argument (22)
rsync: [generator] recv_generator: failed to stat &quot;/home/site/wwwroot/wwwroot\_framework\icudt_CJK.tjcz0u77k5.dat.gz&quot;: Invalid argument (22)
rsync: [generator] recv_generator: failed to stat &quot;/home/site/wwwroot/wwwroot\css\app.css.br&quot;: Invalid argument (22)
rsync: [generator] recv_generator: failed to stat &quot;/home/site/wwwroot/wwwroot\css\app.css.gz&quot;: Invalid argument (22)
rsync: [generator] recv_generator: failed to stat &quot;/home/site/wwwroot/wwwroot\icons\icon-192x192.svg.br&quot;: Invalid argument (22)
rsync: [generator] recv_generator: failed to stat &quot;/home/site/wwwroot/wwwroot\icons\icon-512x512.svg&quot;: Invalid argument (22)
rsync: [generator] recv_generator: failed to stat &quot;/home/site/wwwroot/wwwroot\icons\icon-72x72.svg&quot;: Invalid argument (22)
rsync: [generator] recv_generator: failed to stat &quot;/home/site/wwwroot/wwwroot\index.html.gz&quot;: Invalid argument (22)
rsync: [generator] recv_generator: failed to stat &quot;/home/site/wwwroot/wwwroot\manifest.json&quot;: Invalid argument (22)
rsync: [generator] recv_generator: failed to stat &quot;/home/site/wwwroot/BlazorDebugProxy\Microsoft.CodeAnalysis.dll&quot;: Invalid argument (22)
rsync: [generator] recv_generator: failed to stat &quot;/home/site/wwwroot/BlazorDebugProxy\Microsoft.NET.WebAssembly.Webcil.dll&quot;: Invalid argument (22)
rsync: [generator] recv_generator: failed to stat &quot;/home/site/wwwroot/runtimes\win\lib\net6.0\Microsoft.Win32.SystemEvents.dll&quot;: Invalid argument (22)
rsync: [generator] recv_generator: failed to stat &quot;/home/site/wwwroot/runtimes\win\lib\net6.0\System.Drawing.Common.dll&quot;: Invalid argument (22)
rsync: [generator] recv_generator: failed to stat &quot;/home/site/wwwroot/wwwroot\_framework\FluentValidation.fvee6lf8f0.wasm.gz&quot;: Invalid argument (22)
rsync: [generator] recv_generator: failed to stat &quot;/home/site/wwwroot/wwwroot\_framework\Microsoft.AspNetCore.Components.Authorization.q3xbsym3mv.wasm&quot;: Invalid argument (22)
rsync: [generator] recv_generator: failed to stat &quot;/home/site/wwwroot/wwwroot\_framework\Microsoft.AspNetCore.Components.oklg9oi6zp.wasm.gz&quot;: Invalid argument (22)
rsync: [generator] recv_generator: failed to stat &quot;/home/site/wwwroot/wwwroot\_framework\Microsoft.AspNetCore.Metadata.ww4ggncq2s.wasm.gz&quot;: Invalid argument (22)
rsync: [generator] recv_generator: failed to stat &quot;/home/site/wwwroot/wwwroot\_framework\Microsoft.Extensions.Configuration.Abstractions.9hvqdnyedj.wasm.br&quot;: Invalid argument (22)
rsync: [generator] recv_generator: failed to stat &quot;/home/site/wwwroot/wwwroot\_framework\Microsoft.Extensions.Diagnostics.Abstractions.b1dw3y1lm0.wasm&quot;: Invalid argument (22)
rsync: [generator] recv_generator: failed to stat &quot;/home/site/wwwroot/wwwroot\_framework\Microsoft.Extensions.Logging.Abstractions.7c8xhh9p0f.wasm.br&quot;: Invalid argument (22)
rsync: [generator] recv_generator: failed to stat &quot;/home/site/wwwroot/wwwroot\_framework\Microsoft.Extensions.Logging.hqwwlid55b.wasm.br&quot;: Invalid argument (22)
rsync: [generator] recv_generator: failed to stat &quot;/home/site/wwwroot/wwwroot\_framework\System.ComponentModel.zvpmoupymb.wasm.gz&quot;: Invalid argument (22)
rsync: [generator] recv_generator: failed to stat &quot;/home/site/wwwroot/wwwroot\_framework\System.Diagnostics.DiagnosticSource.39s9el4nki.wasm.gz&quot;: Invalid argument (22)
rsync: [generator] recv_generator: failed to stat &quot;/home/site/wwwroot/wwwroot\_framework\System.Memory.j3p0152ymq.wasm&quot;: Invalid argument (22)
rsync: [generator] recv_generator: failed to stat &quot;/home/site/wwwroot/wwwroot\_framework\System.Memory.j3p0152ymq.wasm.gz&quot;: Invalid argument (22)
rsync: [generator] recv_generator: failed to stat &quot;/home/site/wwwroot/wwwroot\_framework\icudt_CJK.tjcz0u77k5.dat.br&quot;: Invalid argument (22)
rsync: [generator] recv_generator: failed to stat &quot;/home/site/wwwroot/wwwroot\_framework\icudt_EFIGS.tptq2av103.dat&quot;: Invalid argument (22)
rsync: [generator] recv_generator: failed to stat &quot;/home/site/wwwroot/wwwroot\icons\icon-192x192.svg.gz&quot;: Invalid argument (22)
rsync: [generator] recv_generator: failed to stat &quot;/home/site/wwwroot/wwwroot\manifest.json.br&quot;: Invalid argument (22)
rsync error: some files/attrs were not transferred (see previous errors) (code 23) at main.c(1338) [sender=3.2.7]
rsync: [generator] recv_generator: failed to stat &quot;/home/site/wwwroot/BlazorDebugProxy\BrowserDebugProxy.dll&quot;: Invalid argument (22)
rsync: [generator] recv_generator: failed to stat &quot;/home/site/wwwroot/BlazorDebugProxy\Microsoft.FileFormats.dll&quot;: Invalid argument (22)
rsync: [generator] recv_generator: failed to stat &quot;/home/site/wwwroot/runtimes\unix\lib\net6.0\System.Drawing.Common.dll&quot;: Invalid argument (22)
rsync: [generator] recv_generator: failed to stat &quot;/home/site/wwwroot/runtimes\win\lib\net6.0\System.Diagnostics.PerformanceCounter.dll&quot;: Invalid argument (22)
rsync: [generator] recv_generator: failed to stat &quot;/home/site/wwwroot/runtimes\win\lib\net6.0\System.Windows.Extensions.dll&quot;: Invalid argument (22)
rsync: [generator] recv_generator: failed to stat &quot;/home/site/wwwroot/wwwroot\_framework\Microsoft.AspNetCore.Components.Web.pu5ueti7r6.wasm.br&quot;: Invalid argument (22)
rsync: [generator] recv_generator: failed to stat &quot;/home/site/wwwroot/wwwroot\_framework\Microsoft.Extensions.DependencyInjection.3ajkzukr0v.wasm.gz&quot;: Invalid argument (22)
rsync: [generator] recv_generator: failed to stat &quot;/home/site/wwwroot/wwwroot\_framework\Microsoft.JSInterop.WebAssembly.nsfh695mwg.wasm&quot;: Invalid argument (22)
rsync: [generator] recv_generator: failed to stat &quot;/home/site/wwwroot/wwwroot\_framework\PoNovaWeight.Shared.wz5mgqme34.wasm.br&quot;: Invalid argument (22)
rsync: [generator] recv_generator: failed to stat &quot;/home/site/wwwroot/wwwroot\_framework\System.ComponentModel.zvpmoupymb.wasm&quot;: Invalid argument (22)
rsync: [generator] recv_generator: failed to stat &quot;/home/site/wwwroot/wwwroot\_framework\System.Linq.36vg8o9c7z.wasm.gz&quot;: Invalid argument (22)
rsync: [generator] recv_generator: failed to stat &quot;/home/site/wwwroot/wwwroot\_framework\System.Memory.j3p0152ymq.wasm.br&quot;: Invalid argument (22)
rsync: [generator] recv_generator: failed to stat &quot;/home/site/wwwroot/wwwroot\_framework\System.Net.Http.Json.ps2y1jpioj.wasm.gz&quot;: Invalid argument (22)
rsync: [generator] recv_generator: failed to stat &quot;/home/site/wwwroot/wwwroot\_framework\System.Net.Http.hegxpoqgpb.wasm&quot;: Invalid argument (22)
rsync: [generator] recv_generator: failed to stat &quot;/home/site/wwwroot/wwwroot\_framework\System.Net.Http.hegxpoqgpb.wasm.gz&quot;: Invalid argument (22)
rsync: [generator] recv_generator: failed to stat &quot;/home/site/wwwroot/wwwroot\_framework\System.Private.CoreLib.9zcwe6cu90.wasm&quot;: Invalid argument (22)
rsync: [generator] recv_generator: failed to stat &quot;/home/site/wwwroot/wwwroot\_framework\System.Private.CoreLib.9zcwe6cu90.wasm.br&quot;: Invalid argument (22)
rsync: [generator] recv_generator: failed to stat &quot;/home/site/wwwroot/wwwroot\_framework\System.Runtime.InteropServices.JavaScript.yzg2xf6fe9.wasm.gz&quot;: Invalid argument (22)
rsync: [generator] recv_generator: failed to stat &quot;/home/site/wwwroot/wwwroot\_framework\System.Security.Claims.3vv1agi3ru.wasm&quot;: Invalid argument (22)
rsync: [generator] recv_generator: failed to stat &quot;/home/site/wwwroot/wwwroot\_framework\System.Security.Cryptography.js9a235qw5.wasm.br&quot;: Invalid argument (22)
rsync: [generator] recv_generator: failed to stat &quot;/home/site/wwwroot/wwwroot\_framework\System.Text.Encodings.Web.jr14ggfk6o.wasm.br&quot;: Invalid argument (22)
rsync: [generator] recv_generator: failed to stat &quot;/home/site/wwwroot/wwwroot\_framework\dotnet.native.87vtjjdetb.js&quot;: Invalid argument (22)
rsync: [generator] recv_generator: failed to stat &quot;/home/site/wwwroot/wwwroot\_framework\dotnet.native.87vtjjdetb.js.gz&quot;: Invalid argument (22)
rsync: [generator] recv_generator: failed to stat &quot;/home/site/wwwroot/wwwroot\icons\icon-512x512.svg.br&quot;: Invalid argument (22)
rsync: [generator] recv_generator: failed to stat &quot;/home/site/wwwroot/wwwroot\icons\icon-512x512.svg.gz&quot;: Invalid argument (22)
rsync: [generator] recv_generator: failed to stat &quot;/home/site/wwwroot/wwwroot\manifest.json.gz&quot;: Invalid argument (22)
rsync error: some files/attrs were not transferred (see previous errors) (code 23) at main.c(1338) [sender=3.2.7]
rsync error: some files/attrs were not transferred (see previous errors) (code 23) at main.c(1338) [sender=3.2.7]
rsync error: some files/attrs were not transferred (see previous errors) (code 23) at main.c(1338) [sender=3.2.7]
rsync error: some files/attrs were not transferred (see previous errors) (code 23) at main.c(1338) [sender=3.2.7]
rsync: [generator] recv_generator: failed to stat &quot;/home/site/wwwroot/BlazorDebugProxy\Microsoft.CodeAnalysis.CSharp.Scripting.dll&quot;: Invalid argument (22)
rsync: [generator] recv_generator: failed to stat &quot;/home/site/wwwroot/wwwroot\_framework\Microsoft.AspNetCore.Authorization.0pckucmtto.wasm.gz&quot;: Invalid argument (22)
rsync: [generator] recv_generator: failed to stat &quot;/home/site/wwwroot/wwwroot\_framework\Microsoft.AspNetCore.Components.WebAssembly.p39oprrnxx.wasm.br&quot;: Invalid argument (22)
rsync: [generator] recv_generator: failed to stat &quot;/home/site/wwwroot/wwwroot\_framework\Microsoft.AspNetCore.Components.WebAssembly.p39oprrnxx.wasm.gz&quot;: Invalid argument (22)
rsync: [generator] recv_generator: failed to stat &quot;/home/site/wwwroot/wwwroot\_framework\Microsoft.Extensions.Configuration.Json.vejc7kiu4g.wasm.br&quot;: Invalid argument (22)
rsync: [generator] recv_generator: failed to stat &quot;/home/site/wwwroot/wwwroot\_framework\Microsoft.Extensions.Configuration.b5r9igf1ej.wasm.gz&quot;: Invalid argument (22)
rsync: [generator] recv_generator: failed to stat &quot;/home/site/wwwroot/wwwroot\_framework\Microsoft.Extensions.DependencyInjection.3ajkzukr0v.wasm&quot;: Invalid argument (22)
rsync: [generator] recv_generator: failed to stat &quot;/home/site/wwwroot/wwwroot\_framework\Microsoft.Extensions.DependencyInjection.Abstractions.5rix6s8ryu.wasm.br&quot;: Invalid argument (22)
rsync: [generator] recv_generator: failed to stat &quot;/home/site/wwwroot/wwwroot\_framework\Microsoft.Extensions.Diagnostics.pyc6yg01qc.wasm.gz&quot;: Invalid argument (22)
rsync: [generator] recv_generator: failed to stat &quot;/home/site/wwwroot/wwwroot\_framework\Microsoft.Extensions.Logging.Abstractions.7c8xhh9p0f.wasm.gz&quot;: Invalid argument (22)
rsync: [generator] recv_generator: failed to stat &quot;/home/site/wwwroot/wwwroot\_framework\Microsoft.Extensions.Options.l6m4zdy6il.wasm.br&quot;: Invalid argument (22)
rsync: [generator] recv_generator: failed to stat &quot;/home/site/wwwroot/wwwroot\_framework\Microsoft.Extensions.Options.l6m4zdy6il.wasm.gz&quot;: Invalid argument (22)
rsync: [generator] recv_generator: failed to stat &quot;/home/site/wwwroot/wwwroot\_framework\Microsoft.Extensions.Primitives.vga3bvc9pt.wasm.br&quot;: Invalid argument (22)
rsync: [generator] recv_generator: failed to stat &quot;/home/site/wwwroot/wwwroot\_framework\PoNovaWeight.Client.t0giljkuhs.wasm.br&quot;: Invalid argument (22)
rsync: [generator] recv_generator: failed to stat &quot;/home/site/wwwroot/wwwroot\_framework\PoNovaWeight.Client.t0giljkuhs.wasm.gz&quot;: Invalid argument (22)
rsync: [generator] recv_generator: failed to stat &quot;/home/site/wwwroot/wwwroot\_framework\System.IO.Pipelines.343srouqd3.wasm.br&quot;: Invalid argument (22)
rsync: [generator] recv_generator: failed to stat &quot;/home/site/wwwroot/wwwroot\_framework\System.Net.Primitives.aficcbn7zu.wasm&quot;: Invalid argument (22)
rsync: [generator] recv_generator: failed to stat &quot;/home/site/wwwroot/wwwroot\_framework\System.Private.Uri.pmnqwqnrkb.wasm.br&quot;: Invalid argument (22)
rsync: [generator] recv_generator: failed to stat &quot;/home/site/wwwroot/wwwroot\_framework\System.Text.Encodings.Web.jr14ggfk6o.wasm&quot;: Invalid argument (22)
rsync: [generator] recv_generator: failed to stat &quot;/home/site/wwwroot/wwwroot\_framework\System.Text.Encodings.Web.jr14ggfk6o.wasm.gz&quot;: Invalid argument (22)
rsync: [generator] recv_generator: failed to stat &quot;/home/site/wwwroot/wwwroot\_framework\dotnet.native.befq3iek54.wasm.br&quot;: Invalid argument (22)
rsync: [generator] recv_generator: failed to stat &quot;/home/site/wwwroot/wwwroot\_framework\dotnet.runtime.2tx45g8lli.js&quot;: Invalid argument (22)
rsync: [generator] recv_generator: failed to stat &quot;/home/site/wwwroot/wwwroot\_framework\icudt_no_CJK.lfu7j35m59.dat.gz&quot;: Invalid argument (22)
rsync: [generator] recv_generator: failed to stat &quot;/home/site/wwwroot/wwwroot\css\app.input.css.gz&quot;: Invalid argument (22)
rsync: [generator] recv_generator: failed to stat &quot;/home/site/wwwroot/wwwroot\index.html&quot;: Invalid argument (22)
rsync: [generator] recv_generator: failed to stat &quot;/home/site/wwwroot/wwwroot\js\imageCompressor.js.br&quot;: Invalid argument (22)
rsync: [generator] recv_generator: failed to stat &quot;/home/site/wwwroot/BlazorDebugProxy\BrowserDebugHost.dll&quot;: Invalid argument (22)
rsync: [generator] recv_generator: failed to stat &quot;/home/site/wwwroot/runtimes\win\lib\net6.0\System.Security.Cryptography.ProtectedData.dll&quot;: Invalid argument (22)
rsync: [generator] recv_generator: failed to stat &quot;/home/site/wwwroot/wwwroot\_framework\FluentValidation.fvee6lf8f0.wasm.br&quot;: Invalid argument (22)
rsync: [generator] recv_generator: failed to stat &quot;/home/site/wwwroot/wwwroot\_framework\Microsoft.AspNetCore.Components.Web.pu5ueti7r6.wasm&quot;: Invalid argument (22)
rsync: [generator] recv_generator: failed to stat &quot;/home/site/wwwroot/wwwroot\_framework\Microsoft.Extensions.Configuration.Json.vejc7kiu4g.wasm&quot;: Invalid argument (22)
rsync: [generator] recv_generator: failed to stat &quot;/home/site/wwwroot/wwwroot\_framework\Microsoft.Extensions.Configuration.b5r9igf1ej.wasm&quot;: Invalid argument (22)
rsync: [generator] recv_generator: failed to stat &quot;/home/site/wwwroot/wwwroot\_framework\Microsoft.Extensions.Diagnostics.Abstractions.b1dw3y1lm0.wasm.gz&quot;: Invalid argument (22)
rsync: [generator] recv_generator: failed to stat &quot;/home/site/wwwroot/wwwroot\_framework\Microsoft.Extensions.Diagnostics.pyc6yg01qc.wasm.br&quot;: Invalid argument (22)
rsync: [generator] recv_generator: failed to stat &quot;/home/site/wwwroot/wwwroot\_framework\Microsoft.Extensions.Logging.hqwwlid55b.wasm.gz&quot;: Invalid argument (22)
rsync: [generator] recv_generator: failed to stat &quot;/home/site/wwwroot/wwwroot\_framework\Microsoft.Extensions.Primitives.vga3bvc9pt.wasm&quot;: Invalid argument (22)
rsync: [generator] recv_generator: failed to stat &quot;/home/site/wwwroot/wwwroot\_framework\System.Net.Http.Json.ps2y1jpioj.wasm&quot;: Invalid argument (22)
rsync: [generator] recv_generator: failed to stat &quot;/home/site/wwwroot/wwwroot\_framework\System.Net.Primitives.aficcbn7zu.wasm.gz&quot;: Invalid argument (22)
rsync: [generator] recv_generator: failed to stat &quot;/home/site/wwwroot/wwwroot\_framework\System.Runtime.InteropServices.JavaScript.yzg2xf6fe9.wasm&quot;: Invalid argument (22)
rsync: [generator] recv_generator: failed to stat &quot;/home/site/wwwroot/wwwroot\_framework\System.Security.Cryptography.js9a235qw5.wasm.gz&quot;: Invalid argument (22)
rsync: [generator] recv_generator: failed to stat &quot;/home/site/wwwroot/wwwroot\_framework\System.Text.Json.wmlsu1nvb9.wasm.br&quot;: Invalid argument (22)
rsync: [generator] recv_generator: failed to stat &quot;/home/site/wwwroot/wwwroot\_framework\System.Text.RegularExpressions.qzclfn7mf6.wasm&quot;: Invalid argument (22)
rsync: [generator] recv_generator: failed to stat &quot;/home/site/wwwroot/wwwroot\_framework\System.Text.RegularExpressions.qzclfn7mf6.wasm.br&quot;: Invalid argument (22)
rsync: [generator] recv_generator: failed to stat &quot;/home/site/wwwroot/wwwroot\_framework\System.Threading.pidygkqh4o.wasm.gz&quot;: Invalid argument (22)
rsync: [generator] recv_generator: failed to stat &quot;/home/site/wwwroot/wwwroot\_framework\dotnet.js&quot;: Invalid argument (22)
rsync: [generator] recv_generator: failed to stat &quot;/home/site/wwwroot/wwwroot\_framework\dotnet.runtime.2tx45g8lli.js.br&quot;: Invalid argument (22)
rsync: [generator] recv_generator: failed to stat &quot;/home/site/wwwroot/wwwroot\_framework\icudt_EFIGS.tptq2av103.dat.br&quot;: Invalid argument (22)
rsync: [generator] recv_generator: failed to stat &quot;/home/site/wwwroot/wwwroot\css\app.input.css.br&quot;: Invalid argument (22)
rsync: [generator] recv_generator: failed to stat &quot;/home/site/wwwroot/wwwroot\icons\icon-192x192.svg&quot;: Invalid argument (22)
rsync: [generator] recv_generator: failed to stat &quot;/home/site/wwwroot/wwwroot\icons\icon-72x72.svg.gz&quot;: Invalid argument (22)
rsync: [generator] recv_generator: failed to stat &quot;/home/site/wwwroot/wwwroot\js\imageCompressor.js&quot;: Invalid argument (22)
rsync error: some files/attrs were not transferred (see previous errors) (code 23) at main.c(1338) [sender=3.2.7]
rsync error: some files/attrs were not transferred (see previous errors) (code 23) at main.c(1338) [sender=3.2.7]
rsync error: some files/attrs were not transferred (see previous errors) (code 23) at main.c(1338) [sender=3.2.7]
rsync error: some files/attrs were not transferred (see previous errors) (code 23) at main.c(1338) [sender=3.2.7]
rsync: [generator] recv_generator: failed to stat &quot;/home/site/wwwroot/wwwroot\_framework\Microsoft.AspNetCore.Components.Authorization.q3xbsym3mv.wasm.br&quot;: Invalid argument (22)
rsync: [generator] recv_generator: failed to stat &quot;/home/site/wwwroot/wwwroot\_framework\Microsoft.AspNetCore.Components.oklg9oi6zp.wasm&quot;: Invalid argument (22)
rsync: [generator] recv_generator: failed to stat &quot;/home/site/wwwroot/wwwroot\_framework\Microsoft.Extensions.Configuration.Abstractions.9hvqdnyedj.wasm.gz&quot;: Invalid argument (22)
rsync: [generator] recv_generator: failed to stat &quot;/home/site/wwwroot/wwwroot\_framework\Microsoft.Extensions.DependencyInjection.Abstractions.5rix6s8ryu.wasm&quot;: Invalid argument (22)
rsync: [generator] recv_generator: failed to stat &quot;/home/site/wwwroot/wwwroot\_framework\Microsoft.Extensions.Logging.Abstractions.7c8xhh9p0f.wasm&quot;: Invalid argument (22)
rsync: [generator] recv_generator: failed to stat &quot;/home/site/wwwroot/wwwroot\_framework\Microsoft.Extensions.Options.l6m4zdy6il.wasm&quot;: Invalid argument (22)
rsync: [generator] recv_generator: failed to stat &quot;/home/site/wwwroot/wwwroot\_framework\Microsoft.Extensions.Primitives.vga3bvc9pt.wasm.gz&quot;: Invalid argument (22)
rsync: [generator] recv_generator: failed to stat &quot;/home/site/wwwroot/wwwroot\_framework\Microsoft.JSInterop.WebAssembly.nsfh695mwg.wasm.br&quot;: Invalid argument (22)
rsync: [generator] recv_generator: failed to stat &quot;/home/site/wwwroot/wwwroot\_framework\System.Collections.ssg0e07dg9.wasm.br&quot;: Invalid argument (22)
rsync: [generator] recv_generator: failed to stat &quot;/home/site/wwwroot/wwwroot\_framework\System.Collections.ssg0e07dg9.wasm.gz&quot;: Invalid argument (22)
rsync: [generator] recv_generator: failed to stat &quot;/home/site/wwwroot/wwwroot\_framework\System.Console.4xbni2kq7l.wasm&quot;: Invalid argument (22)
rsync: [generator] recv_generator: failed to stat &quot;/home/site/wwwroot/wwwroot\_framework\System.Linq.36vg8o9c7z.wasm&quot;: Invalid argument (22)
rsync: [generator] recv_generator: failed to stat &quot;/home/site/wwwroot/wwwroot\_framework\System.Linq.Expressions.k7c66dpt6q.wasm.br&quot;: Invalid argument (22)
rsync: [generator] recv_generator: failed to stat &quot;/home/site/wwwroot/wwwroot\_framework\System.Private.CoreLib.9zcwe6cu90.wasm.gz&quot;: Invalid argument (22)
rsync: [generator] recv_generator: failed to stat &quot;/home/site/wwwroot/wwwroot\_framework\System.Private.Uri.pmnqwqnrkb.wasm.gz&quot;: Invalid argument (22)
rsync: [generator] recv_generator: failed to stat &quot;/home/site/wwwroot/wwwroot\_framework\System.Runtime.hngahcx5c9.wasm.br&quot;: Invalid argument (22)
rsync: [generator] recv_generator: failed to stat &quot;/home/site/wwwroot/wwwroot\_framework\System.Security.Claims.3vv1agi3ru.wasm.gz&quot;: Invalid argument (22)
rsync: [generator] recv_generator: failed to stat &quot;/home/site/wwwroot/wwwroot\_framework\System.Text.RegularExpressions.qzclfn7mf6.wasm.gz&quot;: Invalid argument (22)
rsync: [generator] recv_generator: failed to stat &quot;/home/site/wwwroot/wwwroot\_framework\System.Threading.pidygkqh4o.wasm&quot;: Invalid argument (22)
rsync: [generator] recv_generator: failed to stat &quot;/home/site/wwwroot/wwwroot\_framework\dotnet.js.gz&quot;: Invalid argument (22)
rsync: [generator] recv_generator: failed to stat &quot;/home/site/wwwroot/wwwroot\_framework\dotnet.native.befq3iek54.wasm&quot;: Invalid argument (22)
rsync: [generator] recv_generator: failed to stat &quot;/home/site/wwwroot/wwwroot\_framework\dotnet.runtime.2tx45g8lli.js.gz&quot;: Invalid argument (22)
rsync: [generator] recv_generator: failed to stat &quot;/home/site/wwwroot/wwwroot\_framework\icudt_no_CJK.lfu7j35m59.dat.br&quot;: Invalid argument (22)
rsync: [generator] recv_generator: failed to stat &quot;/home/site/wwwroot/wwwroot\css\app.input.css&quot;: Invalid argument (22)
rsync error: some files/attrs were not transferred (see previous errors) (code 23) at main.c(1338) [sender=3.2.7]
rsync error: some files/attrs were not transferred (see previous errors) (code 23) at main.c(1338) [sender=3.2.7]
rsync: [generator] recv_generator: failed to stat &quot;/home/site/wwwroot/wwwroot\_framework\Microsoft.AspNetCore.Authorization.0pckucmtto.wasm.br&quot;: Invalid argument (22)
rsync: [generator] recv_generator: failed to stat &quot;/home/site/wwwroot/wwwroot\_framework\Microsoft.AspNetCore.Components.oklg9oi6zp.wasm.br&quot;: Invalid argument (22)
rsync: [generator] recv_generator: failed to stat &quot;/home/site/wwwroot/wwwroot\_framework\Microsoft.AspNetCore.Metadata.ww4ggncq2s.wasm.br&quot;: Invalid argument (22)
rsync: [generator] recv_generator: failed to stat &quot;/home/site/wwwroot/wwwroot\_framework\Microsoft.Extensions.Configuration.Abstractions.9hvqdnyedj.wasm&quot;: Invalid argument (22)
rsync: [generator] recv_generator: failed to stat &quot;/home/site/wwwroot/wwwroot\_framework\Microsoft.Extensions.Configuration.b5r9igf1ej.wasm.br&quot;: Invalid argument (22)
rsync: [generator] recv_generator: failed to stat &quot;/home/site/wwwroot/wwwroot\_framework\Microsoft.Extensions.Diagnostics.pyc6yg01qc.wasm&quot;: Invalid argument (22)
rsync: [generator] recv_generator: failed to stat &quot;/home/site/wwwroot/wwwroot\_framework\Microsoft.Extensions.Logging.hqwwlid55b.wasm&quot;: Invalid argument (22)
rsync: [generator] recv_generator: failed to stat &quot;/home/site/wwwroot/wwwroot\_framework\Microsoft.JSInterop.opjjuvycl4.wasm.gz&quot;: Invalid argument (22)
rsync: [generator] recv_generator: failed to stat &quot;/home/site/wwwroot/wwwroot\_framework\PoNovaWeight.Client.t0giljkuhs.wasm&quot;: Invalid argument (22)
rsync: [generator] recv_generator: failed to stat &quot;/home/site/wwwroot/wwwroot\_framework\System.Collections.Concurrent.njqupl4mms.wasm.br&quot;: Invalid argument (22)
rsync: [generator] recv_generator: failed to stat &quot;/home/site/wwwroot/wwwroot\_framework\System.Diagnostics.DiagnosticSource.39s9el4nki.wasm&quot;: Invalid argument (22)
rsync: [generator] recv_generator: failed to stat &quot;/home/site/wwwroot/wwwroot\_framework\System.Linq.Expressions.k7c66dpt6q.wasm.gz&quot;: Invalid argument (22)
rsync: [generator] recv_generator: failed to stat &quot;/home/site/wwwroot/wwwroot\_framework\System.Private.Uri.pmnqwqnrkb.wasm&quot;: Invalid argument (22)
rsync: [generator] recv_generator: failed to stat &quot;/home/site/wwwroot/wwwroot\_framework\System.Runtime.hngahcx5c9.wasm&quot;: Invalid argument (22)
rsync: [generator] recv_generator: failed to stat &quot;/home/site/wwwroot/wwwroot\_framework\System.Text.Json.wmlsu1nvb9.wasm.gz&quot;: Invalid argument (22)
rsync: [generator] recv_generator: failed to stat &quot;/home/site/wwwroot/wwwroot\_framework\blazor.webassembly.js&quot;: Invalid argument (22)
rsync: [generator] recv_generator: failed to stat &quot;/home/site/wwwroot/wwwroot\_framework\blazor.webassembly.js.gz&quot;: Invalid argument (22)
rsync: [generator] recv_generator: failed to stat &quot;/home/site/wwwroot/wwwroot\_framework\dotnet.native.87vtjjdetb.js.br&quot;: Invalid argument (22)
rsync: [generator] recv_generator: failed to stat &quot;/home/site/wwwroot/wwwroot\_framework\dotnet.native.befq3iek54.wasm.gz&quot;: Invalid argument (22)
rsync: [generator] recv_generator: failed to stat &quot;/home/site/wwwroot/wwwroot\_framework\icudt_CJK.tjcz0u77k5.dat&quot;: Invalid argument (22)
rsync: [generator] recv_generator: failed to stat &quot;/home/site/wwwroot/wwwroot\_framework\icudt_no_CJK.lfu7j35m59.dat&quot;: Invalid argument (22)
rsync: [generator] recv_generator: failed to stat &quot;/home/site/wwwroot/wwwroot\icons\icon-72x72.svg.br&quot;: Invalid argument (22)
rsync error: some files/attrs were not transferred (see previous errors) (code 23) at main.c(1338) [sender=3.2.7]
/opt/Kudu/Scripts/starter.sh /opt/Kudu/Scripts/parallel_rsync.sh /tmp/zipdeploy/extracted /home/site/wwwroot 8 /tmp/ False False  " stackTrace="   at Kudu.Core.Infrastructure.Executable.ExecuteInternal(ITracer tracer, Func`2 onWriteOutput, Func`2 onWriteError, CancellationToken token, Encoding encoding, String arguments, Object[] args) in /tmp/KuduLite/Kudu.Core/Infrastructure/Executable.cs:line 239
   at Kudu.Core.Infrastructure.Executable.ExecuteWithProgressWriter(ILogger logger, ITracer tracer, CancellationToken token, String arguments, Object[] args) in /tmp/KuduLite/Kudu.Core/Infrastructure/Executable.cs:line 118
   at Kudu.Core.Deployment.Generator.ExternalCommandBuilder.RunCommand(DeploymentContext context, String command, Boolean ignoreManifest, CancellationToken token, String message) in /tmp/KuduLite/Kudu.Core/Deployment/Generator/ExternalCommandBuilder.cs:line 135" /><!-- duration: 5ms -->
                <step title="Error occurred" date="2026-02-05T03:03:52.700" type="error" text="Invalid argument : &apos;/home/site/wwwroot/runtimes\unix\lib\net6.0\System.Drawing.Common.dll&apos;" stackTrace="   at Interop.ThrowExceptionForIoErrno(ErrorInfo errorInfo, String path, Boolean isDirError)
   at Microsoft.Win32.SafeHandles.SafeFileHandle.Open(String fullPath, FileMode mode, FileAccess access, FileShare share, FileOptions options, Int64 preallocationSize, UnixFileMode openPermissions, Int64&amp; fileLength, UnixFileMode&amp; filePermissions, Boolean failForSymlink, Boolean&amp; wasSymlink, Func`4 createOpenException)
   at System.IO.FileSystem.CopyFile(String sourceFullPath, String destFullPath, Boolean overwrite)
   at Kudu.Core.Infrastructure.FileSystemHelpers.CopyDirectoryRecursive(String sourceDirPath, String destinationDirPath, Boolean overwrite) in /tmp/KuduLite/Kudu.Core/Infrastructure/FileSystemHelpers.cs:line 239
   at Kudu.Core.Deployment.Generator.OneDeployBuilder.Build(DeploymentContext context, CancellationToken token) in /tmp/KuduLite/Kudu.Core/Deployment/Generator/OneDeployBuilder.cs:line 108
   at Kudu.Core.Deployment.DeploymentManager.Build(ChangeSet changeSet, ITracer tracer, IDisposable deployStep, IRepository repository, DeploymentInfoBase deploymentInfo, DeploymentAnalytics deploymentAnalytics, Boolean fullBuildByDefault, CancellationToken cancellationToken) in /tmp/KuduLite/Kudu.Core/Deployment/DeploymentManager.cs:line 771" /><!-- duration: 4ms -->
              </step><!-- duration: 13697ms -->
            </step><!-- duration: 13854ms -->
            <step title="Error occurred" date="2026-02-05T03:03:53.025" type="error" text="Invalid argument : &apos;/home/site/wwwroot/runtimes\unix\lib\net6.0\System.Drawing.Common.dll&apos;" stackTrace="   at Interop.ThrowExceptionForIoErrno(ErrorInfo errorInfo, String path, Boolean isDirError)
   at Microsoft.Win32.SafeHandles.SafeFileHandle.Open(String fullPath, FileMode mode, FileAccess access, FileShare share, FileOptions options, Int64 preallocationSize, UnixFileMode openPermissions, Int64&amp; fileLength, UnixFileMode&amp; filePermissions, Boolean failForSymlink, Boolean&amp; wasSymlink, Func`4 createOpenException)
   at System.IO.FileSystem.CopyFile(String sourceFullPath, String destFullPath, Boolean overwrite)
   at Kudu.Core.Infrastructure.FileSystemHelpers.CopyDirectoryRecursive(String sourceDirPath, String destinationDirPath, Boolean overwrite) in /tmp/KuduLite/Kudu.Core/Infrastructure/FileSystemHelpers.cs:line 239
   at Kudu.Core.Deployment.Generator.OneDeployBuilder.Build(DeploymentContext context, CancellationToken token) in /tmp/KuduLite/Kudu.Core/Deployment/Generator/OneDeployBuilder.cs:line 108
   at Kudu.Core.Deployment.DeploymentManager.Build(ChangeSet changeSet, ITracer tracer, IDisposable deployStep, IRepository repository, DeploymentInfoBase deploymentInfo, DeploymentAnalytics deploymentAnalytics, Boolean fullBuildByDefault, CancellationToken cancellationToken) in /tmp/KuduLite/Kudu.Core/Deployment/DeploymentManager.cs:line 771
   at Kudu.Core.Deployment.DeploymentManager.Build(ChangeSet changeSet, ITracer tracer, IDisposable deployStep, IRepository repository, DeploymentInfoBase deploymentInfo, DeploymentAnalytics deploymentAnalytics, Boolean fullBuildByDefault, CancellationToken cancellationToken) in /tmp/KuduLite/Kudu.Core/Deployment/DeploymentManager.cs:line 840" /><!-- duration: 4ms -->
            <step title="Cleaning up temp files" date="2026-02-05T03:03:53.131" /><!-- duration: 4ms -->
            <step title="Cleaning up temp files" date="2026-02-05T03:03:53.143" /><!-- duration: 526ms -->
            <step title="Error occurred" date="2026-02-05T03:03:53.717" type="error" text="Invalid argument : &apos;/home/site/wwwroot/runtimes\unix\lib\net6.0\System.Drawing.Common.dll&apos;" stackTrace="   at Interop.ThrowExceptionForIoErrno(ErrorInfo errorInfo, String path, Boolean isDirError)
   at Microsoft.Win32.SafeHandles.SafeFileHandle.Open(String fullPath, FileMode mode, FileAccess access, FileShare share, FileOptions options, Int64 preallocationSize, UnixFileMode openPermissions, Int64&amp; fileLength, UnixFileMode&amp; filePermissions, Boolean failForSymlink, Boolean&amp; wasSymlink, Func`4 createOpenException)
   at System.IO.FileSystem.CopyFile(String sourceFullPath, String destFullPath, Boolean overwrite)
   at Kudu.Core.Infrastructure.FileSystemHelpers.CopyDirectoryRecursive(String sourceDirPath, String destinationDirPath, Boolean overwrite) in /tmp/KuduLite/Kudu.Core/Infrastructure/FileSystemHelpers.cs:line 239
   at Kudu.Core.Deployment.Generator.OneDeployBuilder.Build(DeploymentContext context, CancellationToken token) in /tmp/KuduLite/Kudu.Core/Deployment/Generator/OneDeployBuilder.cs:line 108
   at Kudu.Core.Deployment.DeploymentManager.Build(ChangeSet changeSet, ITracer tracer, IDisposable deployStep, IRepository repository, DeploymentInfoBase deploymentInfo, DeploymentAnalytics deploymentAnalytics, Boolean fullBuildByDefault, CancellationToken cancellationToken) in /tmp/KuduLite/Kudu.Core/Deployment/DeploymentManager.cs:line 771
   at Kudu.Core.Deployment.DeploymentManager.Build(ChangeSet changeSet, ITracer tracer, IDisposable deployStep, IRepository repository, DeploymentInfoBase deploymentInfo, DeploymentAnalytics deploymentAnalytics, Boolean fullBuildByDefault, CancellationToken cancellationToken) in /tmp/KuduLite/Kudu.Core/Deployment/DeploymentManager.cs:line 840
   at Kudu.Core.Deployment.DeploymentManager.DeployAsync(IRepository repository, ChangeSet changeSet, String deployer, Boolean clean, DeploymentInfoBase deploymentInfo, Boolean needFileUpdate, Boolean fullBuildByDefault) in /tmp/KuduLite/Kudu.Core/Deployment/DeploymentManager.cs:line 266" /><!-- duration: 5ms -->
          </step><!-- duration: 14725ms -->
          <step title="Reloading status file with latest updates" date="2026-02-05T03:03:53.785" >
            <step title="WebHooksManager.PublishEventAsync: PostDeployment" date="2026-02-05T03:03:53.790" /><!-- duration: 30ms -->
          </step><!-- duration: 39ms -->
          <step title="Error occurred" date="2026-02-05T03:03:53.829" type="error" text="Invalid argument : &apos;/home/site/wwwroot/runtimes\unix\lib\net6.0\System.Drawing.Common.dll&apos;" stackTrace="   at Interop.ThrowExceptionForIoErrno(ErrorInfo errorInfo, String path, Boolean isDirError)
   at Microsoft.Win32.SafeHandles.SafeFileHandle.Open(String fullPath, FileMode mode, FileAccess access, FileShare share, FileOptions options, Int64 preallocationSize, UnixFileMode openPermissions, Int64&amp; fileLength, UnixFileMode&amp; filePermissions, Boolean failForSymlink, Boolean&amp; wasSymlink, Func`4 createOpenException)
   at System.IO.FileSystem.CopyFile(String sourceFullPath, String destFullPath, Boolean overwrite)
   at Kudu.Core.Infrastructure.FileSystemHelpers.CopyDirectoryRecursive(String sourceDirPath, String destinationDirPath, Boolean overwrite) in /tmp/KuduLite/Kudu.Core/Infrastructure/FileSystemHelpers.cs:line 239
   at Kudu.Core.Deployment.Generator.OneDeployBuilder.Build(DeploymentContext context, CancellationToken token) in /tmp/KuduLite/Kudu.Core/Deployment/Generator/OneDeployBuilder.cs:line 108
   at Kudu.Core.Deployment.DeploymentManager.Build(ChangeSet changeSet, ITracer tracer, IDisposable deployStep, IRepository repository, DeploymentInfoBase deploymentInfo, DeploymentAnalytics deploymentAnalytics, Boolean fullBuildByDefault, CancellationToken cancellationToken) in /tmp/KuduLite/Kudu.Core/Deployment/DeploymentManager.cs:line 771
   at Kudu.Core.Deployment.DeploymentManager.Build(ChangeSet changeSet, ITracer tracer, IDisposable deployStep, IRepository repository, DeploymentInfoBase deploymentInfo, DeploymentAnalytics deploymentAnalytics, Boolean fullBuildByDefault, CancellationToken cancellationToken) in /tmp/KuduLite/Kudu.Core/Deployment/DeploymentManager.cs:line 840
   at Kudu.Core.Deployment.DeploymentManager.DeployAsync(IRepository repository, ChangeSet changeSet, String deployer, Boolean clean, DeploymentInfoBase deploymentInfo, Boolean needFileUpdate, Boolean fullBuildByDefault) in /tmp/KuduLite/Kudu.Core/Deployment/DeploymentManager.cs:line 266" /><!-- duration: 9ms -->
          <step title="Marking deployment as failed and cleaning up the temp deployment" date="2026-02-05T03:03:53.894" /><!-- duration: 4ms -->
        </step><!-- duration: 16699ms -->
      </step><!-- duration: 16919ms -->
      <step title="Error occurred" date="2026-02-05T03:03:54.299" type="error" text="Deployment failed" stackTrace="   at Kudu.Core.Deployment.DeploymentManager.DeployAsync(IRepository repository, ChangeSet changeSet, String deployer, Boolean clean, DeploymentInfoBase deploymentInfo, Boolean needFileUpdate, Boolean fullBuildByDefault) in /tmp/KuduLite/Kudu.Core/Deployment/DeploymentManager.cs:line 307
   at Kudu.Core.Deployment.FetchDeploymentManager.PerformDeployment(DeploymentInfoBase deploymentInfo, IDisposable tempDeployment, ChangeSet tempChangeSet, DeployStatusApiResult updateStatusObj) in /tmp/KuduLite/Kudu.Core/Deployment/FetchDeploymentManager.cs:line 230
   at Kudu.Core.Deployment.FetchDeploymentManager.&lt;&gt;c__DisplayClass17_0.&lt;&lt;FetchDeploy&gt;b__0&gt;d.MoveNext() in /tmp/KuduLite/Kudu.Core/Deployment/FetchDeploymentManager.cs:line 131
--- End of stack trace from previous location ---
   at Kudu.Core.Deployment.FetchDeploymentManager.FetchDeploy(DeploymentInfoBase deployInfo, Boolean asyncRequested, Uri requestUri, String targetBranch) in /tmp/KuduLite/Kudu.Core/Deployment/FetchDeploymentManager.cs:line 124
   at Kudu.Services.Deployment.PushDeploymentController.PushDeployAsync(ArtifactDeploymentInfo deploymentInfo, Boolean isAsync, HttpContext context, JObject requestJson) in /tmp/KuduLite/Kudu.Services/Deployment/PushDeploymentController.cs:line 802
   at Kudu.Services.Deployment.PushDeploymentController.OneDeploy(String type, Boolean async, String path, Nullable`1 restart, Nullable`1 clean, Boolean ignoreStack, Boolean trackDeploymentProgress, Boolean trackStatus, Boolean reset) in /tmp/KuduLite/Kudu.Services/Deployment/PushDeploymentController.cs:line 624
   at Microsoft.AspNetCore.Mvc.Infrastructure.ActionMethodExecutor.TaskOfIActionResultExecutor.Execute(ActionContext actionContext, IActionResultTypeMapper mapper, ObjectMethodExecutor executor, Object controller, Object[] arguments)
   at Microsoft.AspNetCore.Mvc.Infrastructure.ControllerActionInvoker.&lt;InvokeActionMethodAsync&gt;g__Awaited|12_0(ControllerActionInvoker invoker, ValueTask`1 actionResultValueTask)
   at Microsoft.AspNetCore.Mvc.Infrastructure.ControllerActionInvoker.&lt;InvokeNextActionFilterAsync&gt;g__Awaited|10_0(ControllerActionInvoker invoker, Task lastTask, State next, Scope scope, Object state, Boolean isCompleted)
   at Microsoft.AspNetCore.Mvc.Infrastructure.ControllerActionInvoker.Rethrow(ActionExecutedContextSealed context)
   at Microsoft.AspNetCore.Mvc.Infrastructure.ControllerActionInvoker.Next(State&amp; next, Scope&amp; scope, Object&amp; state, Boolean&amp; isCompleted)
   at Microsoft.AspNetCore.Mvc.Infrastructure.ControllerActionInvoker.&lt;InvokeInnerFilterAsync&gt;g__Awaited|13_0(ControllerActionInvoker invoker, Task lastTask, State next, Scope scope, Object state, Boolean isCompleted)
   at Microsoft.AspNetCore.Mvc.Infrastructure.ResourceInvoker.&lt;InvokeNextResourceFilter&gt;g__Awaited|25_0(ResourceInvoker invoker, Task lastTask, State next, Scope scope, Object state, Boolean isCompleted)
   at Microsoft.AspNetCore.Mvc.Infrastructure.ResourceInvoker.Rethrow(ResourceExecutedContextSealed context)
   at Microsoft.AspNetCore.Mvc.Infrastructure.ResourceInvoker.Next(State&amp; next, Scope&amp; scope, Object&amp; state, Boolean&amp; isCompleted)
   at Microsoft.AspNetCore.Mvc.Infrastructure.ResourceInvoker.&lt;InvokeFilterPipelineAsync&gt;g__Awaited|20_0(ResourceInvoker invoker, Task lastTask, State next, Scope scope, Object state, Boolean isCompleted)
   at Microsoft.AspNetCore.Mvc.Infrastructure.ResourceInvoker.&lt;InvokeAsync&gt;g__Awaited|17_0(ResourceInvoker invoker, Task task, IDisposable scope)
   at Microsoft.AspNetCore.Mvc.Infrastructure.ResourceInvoker.&lt;InvokeAsync&gt;g__Awaited|17_0(ResourceInvoker invoker, Task task, IDisposable scope)
   at Microsoft.AspNetCore.Builder.RouterMiddleware.Invoke(HttpContext httpContext)
   at Kudu.Services.Web.Startup.&lt;&gt;c.&lt;&lt;Configure&gt;b__11_7&gt;d.MoveNext() in /tmp/KuduLite/Kudu.Services.Web/Startup.cs:line 428
--- End of stack trace from previous location ---
   at Kudu.Services.Web.Tracing.TraceMiddleware.Invoke(HttpContext context) in /tmp/KuduLite/Kudu.Services.Web/Tracing/TraceMiddleware.cs:line 101" innerText="Invalid argument : &apos;/home/site/wwwroot/runtimes\unix\lib\net6.0\System.Drawing.Common.dll&apos;" innerStackTrace="   at Interop.ThrowExceptionForIoErrno(ErrorInfo errorInfo, String path, Boolean isDirError)
   at Microsoft.Win32.SafeHandles.SafeFileHandle.Open(String fullPath, FileMode mode, FileAccess access, FileShare share, FileOptions options, Int64 preallocationSize, UnixFileMode openPermissions, Int64&amp; fileLength, UnixFileMode&amp; filePermissions, Boolean failForSymlink, Boolean&amp; wasSymlink, Func`4 createOpenException)
   at System.IO.FileSystem.CopyFile(String sourceFullPath, String destFullPath, Boolean overwrite)
   at Kudu.Core.Infrastructure.FileSystemHelpers.CopyDirectoryRecursive(String sourceDirPath, String destinationDirPath, Boolean overwrite) in /tmp/KuduLite/Kudu.Core/Infrastructure/FileSystemHelpers.cs:line 239
   at Kudu.Core.Deployment.Generator.OneDeployBuilder.Build(DeploymentContext context, CancellationToken token) in /tmp/KuduLite/Kudu.Core/Deployment/Generator/OneDeployBuilder.cs:line 108
   at Kudu.Core.Deployment.DeploymentManager.Build(ChangeSet changeSet, ITracer tracer, IDisposable deployStep, IRepository repository, DeploymentInfoBase deploymentInfo, DeploymentAnalytics deploymentAnalytics, Boolean fullBuildByDefault, CancellationToken cancellationToken) in /tmp/KuduLite/Kudu.Core/Deployment/DeploymentManager.cs:line 771
   at Kudu.Core.Deployment.DeploymentManager.Build(ChangeSet changeSet, ITracer tracer, IDisposable deployStep, IRepository repository, DeploymentInfoBase deploymentInfo, DeploymentAnalytics deploymentAnalytics, Boolean fullBuildByDefault, CancellationToken cancellationToken) in /tmp/KuduLite/Kudu.Core/Deployment/DeploymentManager.cs:line 840
   at Kudu.Core.Deployment.DeploymentManager.DeployAsync(IRepository repository, ChangeSet changeSet, String deployer, Boolean clean, DeploymentInfoBase deploymentInfo, Boolean needFileUpdate, Boolean fullBuildByDefault) in /tmp/KuduLite/Kudu.Core/Deployment/DeploymentManager.cs:line 266" /><!-- duration: 9ms -->
      <step title="Incoming Request" date="2026-02-05T03:03:54.353" url="/Error?type=zip" method="POST" type="request" pid="851,1,23" Accept="*/*" Host="ponovaweight-app.scm.azurewebsites.net" User-Agent="AZURECLI/2.80.0 (MSI)" Accept-Encoding="gzip, deflate" Authorization="Bea..." Cache-Control="no-cache" Content-Type="application/octet-stream" Cookie="ARRAffinity=5d43112dac899e79c5f159102c851f071cec9160838765e615962ec31a27c96f; ARRAffinitySameSite=5d43112dac899e79c5f159102c851f071cec9160838765e615962ec31a27c96f" Content-Length="22640485" x-ms-client-request-id="28fb1b3f-023f-11f1-b83d-e8a72f88f0de" x-ms-artifact-checksum="b3cdcd1152848c243978cc136e62661ac9a5ec520176efa007d72cea4849f275" X-ARR-LOG-ID="28fb1b3f-023f-11f1-b83d-e8a72f88f0de" CLIENT-IP="73.135.148.163:61503" X-SITE-DEPLOYMENT-ID="ponovaweight-app" WAS-DEFAULT-HOSTNAME="ponovaweight-app.scm.azurewebsites.net" X-Forwarded-Proto="https" X-AppService-Proto="https" X-Forwarded-TlsVersion="1.3" X-WAWS-Unencoded-URL="/api/publish?type=zip" X-Client-IP="73.135.148.163" X-Client-Port="61503" >
        <step title="Outgoing response" date="2026-02-05T03:03:54.412" type="response" statusCode="400" statusText="BadRequest" /><!-- duration: 9ms -->
      </step><!-- duration: 74ms -->
