<step title="Incoming Request" date="2026-02-05T03:10:41.312" instance="5d4311" url="/api/zipdeploy?isAsync=true" method="POST" type="request" pid="851,1,22" Accept="*/*" Host="ponovaweight-app.scm.azurewebsites.net" User-Agent="AZURECLI/2.80.0 (MSI)" Accept-Encoding="gzip, deflate" Authorization="Bea..." Cache-Control="no-cache" Content-Type="application/octet-stream" Content-Length="22640485" x-ms-client-request-id="3a980f7a-0240-11f1-8b9c-e8a72f88f0de" x-ms-artifact-checksum="b3cdcd1152848c243978cc136e62661ac9a5ec520176efa007d72cea4849f275" X-ARR-LOG-ID="3a980f7a-0240-11f1-8b9c-e8a72f88f0de" CLIENT-IP="73.135.148.163:64271" X-SITE-DEPLOYMENT-ID="ponovaweight-app" WAS-DEFAULT-HOSTNAME="ponovaweight-app.scm.azurewebsites.net" X-Forwarded-Proto="https" X-AppService-Proto="https" X-Forwarded-TlsVersion="1.3" X-WAWS-Unencoded-URL="/api/zipdeploy?isAsync=true" X-Client-IP="73.135.148.163" X-Client-Port="64271" >
  <step title="Cleanup Xml Logs" date="2026-02-05T03:10:41.610" /><!-- duration: 59ms -->
  <step title="ZipPushDeploy" date="2026-02-05T03:10:42.195" >
    <step title="ZipDeploy. Extract zip." date="2026-02-05T03:10:42.807" /><!-- duration: 89ms -->
    <step title="Starting PushDeployAsync" date="2026-02-05T03:10:42.921" /><!-- duration: 244ms -->
    <step title="Writing artifact to /tmp/zipdeploy/6ce82a17-049b-433f-a7a2-435dee3822db.zip" date="2026-02-05T03:10:44.653" >
      <step title="Writing multipart request body to /tmp/zipdeploy/6ce82a17-049b-433f-a7a2-435dee3822db.zip" date="2026-02-05T03:10:44.809" /><!-- duration: 197ms -->
    </step><!-- duration: 6344ms -->
    <step title="Start deployment in the background" date="2026-02-05T03:10:51.095" >
      <step title="Acquiring Deployment Lock" date="2026-02-05T03:10:51.986" /><!-- duration: 201ms -->
      <step title="Acquired Deployment Lock" date="2026-02-05T03:10:52.378" /><!-- duration: 15ms -->
    </step><!-- duration: 1998ms -->
  </step><!-- duration: 12219ms -->
  <step title="Outgoing response" date="2026-02-05T03:10:54.453" type="response" statusCode="202" statusText="Accepted" /><!-- duration: 90ms -->
</step><!-- duration: 13288ms -->
