<step title="Incoming Request" date="2026-02-05T03:14:10.980" instance="5d4311" url="/api/zipdeploy?isAsync=true" method="POST" type="request" pid="852,1,15" Accept="*/*" Host="ponovaweight-app.scm.azurewebsites.net" User-Agent="AZURECLI/2.80.0 (MSI)" Accept-Encoding="gzip, deflate" Authorization="Bea..." Cache-Control="no-cache" Content-Type="application/octet-stream" Content-Length="22640485" x-ms-client-request-id="b8bc0f86-0240-11f1-a684-e8a72f88f0de" x-ms-artifact-checksum="b3cdcd1152848c243978cc136e62661ac9a5ec520176efa007d72cea4849f275" X-ARR-LOG-ID="b8bc0f86-0240-11f1-a684-e8a72f88f0de" CLIENT-IP="73.135.148.163:52528" X-SITE-DEPLOYMENT-ID="ponovaweight-app" WAS-DEFAULT-HOSTNAME="ponovaweight-app.scm.azurewebsites.net" X-Forwarded-Proto="https" X-AppService-Proto="https" X-Forwarded-TlsVersion="1.3" X-WAWS-Unencoded-URL="/api/zipdeploy?isAsync=true" X-Client-IP="73.135.148.163" X-Client-Port="52528" >
  <step title="Cleanup Xml Logs" date="2026-02-05T03:14:10.983" /><!-- duration: 6ms -->
  <step title="ZipPushDeploy" date="2026-02-05T03:14:11.076" >
    <step title="ZipDeploy. Extract zip." date="2026-02-05T03:14:11.093" /><!-- duration: 3ms -->
    <step title="None repository commit" date="2026-02-05T03:14:11.115" >
      <step title="Commit id: 15e520ff-f218-4965-a6d2-e6de49dd010c" date="2026-02-05T03:14:11.123" Message="N/A" AuthorName="N/A" AuthorEmail="N/A" /><!-- duration: 3ms -->
    </step><!-- duration: 14ms -->
    <step title="Starting PushDeployAsync" date="2026-02-05T03:14:11.141" /><!-- duration: 9ms -->
    <step title="Writing artifact to /tmp/zipdeploy/d09fb3d1-10c2-401e-8639-63fbc7b91e95.zip" date="2026-02-05T03:14:11.180" >
      <step title="Writing multipart request body to /tmp/zipdeploy/d09fb3d1-10c2-401e-8639-63fbc7b91e95.zip" date="2026-02-05T03:14:11.188" /><!-- duration: 6ms -->
    </step><!-- duration: 12058ms -->
    <step title="Start deployment in the background" date="2026-02-05T03:14:23.264" >
      <step title="Acquiring Deployment Lock" date="2026-02-05T03:14:23.306" /><!-- duration: 4ms -->
      <step title="Acquired Deployment Lock" date="2026-02-05T03:14:23.366" /><!-- duration: 4ms -->
    </step><!-- duration: 185ms -->
  </step><!-- duration: 12389ms -->
  <step title="Outgoing response" date="2026-02-05T03:14:23.480" type="response" statusCode="202" statusText="Accepted" /><!-- duration: 3ms -->
</step><!-- duration: 12507ms -->
